-- phpMyAdmin SQL Dump
-- version 4.9.1
-- https://www.phpmyadmin.net/
--
-- Host: 127.0.0.1
-- Czas generowania: 18 Gru 2019, 13:41
-- Wersja serwera: 10.4.8-MariaDB
-- Wersja PHP: 7.3.11

SET SQL_MODE = "NO_AUTO_VALUE_ON_ZERO";
SET AUTOCOMMIT = 0;
START TRANSACTION;
SET time_zone = "+00:00";


/*!40101 SET @OLD_CHARACTER_SET_CLIENT=@@CHARACTER_SET_CLIENT */;
/*!40101 SET @OLD_CHARACTER_SET_RESULTS=@@CHARACTER_SET_RESULTS */;
/*!40101 SET @OLD_COLLATION_CONNECTION=@@COLLATION_CONNECTION */;
/*!40101 SET NAMES utf8mb4 */;

--
-- Baza danych: `mp2017`
--

-- --------------------------------------------------------

--
-- Struktura tabeli dla tabeli `glosy`
--

CREATE TABLE `glosy` (
  `id_glosu` int(11) NOT NULL,
  `id_ucznia` int(11) DEFAULT NULL,
  `id_kandydata` int(11) DEFAULT NULL
) ENGINE=InnoDB DEFAULT CHARSET=utf8 COLLATE=utf8_polish_ci;

--
-- Zrzut danych tabeli `glosy`
--

INSERT INTO `glosy` (`id_glosu`, `id_ucznia`, `id_kandydata`) VALUES
(1, 1739, 11),
(2, 1639, 16),
(3, 1746, 11),
(4, 1613, 77),
(5, 1702, 9),
(6, 1676, 67),
(7, 1616, 50),
(8, 1718, 4),
(9, 1723, 53),
(10, 1665, 42),
(11, 1679, 36),
(12, 1712, 4),
(13, 1662, 42),
(14, 1609, 78),
(15, 1747, 1),
(16, 1670, 61),
(17, 1716, 40),
(18, 1712, 46),
(19, 1620, 42),
(20, 1712, 61),
(21, 1695, 75),
(22, 1744, 74),
(23, 1752, 58),
(24, 1606, 12),
(25, 1631, 25),
(26, 1705, 54),
(27, 1605, 31),
(28, 1648, 21),
(29, 1648, 53),
(30, 1644, 29),
(31, 1723, 2),
(32, 1743, 45),
(33, 1750, 18),
(34, 1692, 18),
(35, 1612, 12),
(36, 1754, 36),
(37, 1611, 3),
(38, 1752, 17),
(39, 1652, 64),
(40, 1666, 7),
(41, 1605, 78),
(42, 1728, 25),
(43, 1734, 60),
(44, 1728, 54),
(45, 1729, 13),
(46, 1644, 60),
(47, 1604, 25),
(48, 1646, 32),
(49, 1623, 5),
(50, 1735, 45),
(51, 1662, 76),
(52, 1676, 24),
(53, 1754, 55),
(54, 1756, 45),
(55, 1740, 38),
(56, 1725, 3),
(57, 1744, 60),
(58, 1734, 31),
(59, 1683, 23),
(60, 1750, 69),
(61, 1673, 27),
(62, 1663, 6),
(63, 1631, 12),
(64, 1751, 32),
(65, 1602, 69),
(66, 1696, 65),
(67, 1632, 57),
(68, 1666, 28),
(69, 1627, 36),
(70, 1651, 19),
(71, 1674, 1),
(72, 1674, 7),
(73, 1693, 52),
(74, 1659, 77),
(75, 1672, 74),
(76, 1723, 33),
(77, 1705, 45),
(78, 1679, 39),
(79, 1642, 78),
(80, 1658, 69),
(81, 1680, 3),
(82, 1612, 67),
(83, 1717, 49),
(84, 1603, 35),
(85, 1610, 13),
(86, 1744, 13),
(87, 1606, 35),
(88, 1636, 72),
(89, 1701, 59),
(90, 1657, 67),
(91, 1665, 2),
(92, 1661, 75),
(93, 1658, 66),
(94, 1742, 29),
(95, 1707, 61),
(96, 1690, 78),
(97, 1644, 75),
(98, 1739, 36),
(99, 1626, 65),
(100, 1721, 76),
(101, 1683, 71),
(102, 1642, 32),
(103, 1658, 66),
(104, 1658, 12),
(105, 1680, 30),
(106, 1600, 52),
(107, 1647, 6),
(108, 1643, 53),
(109, 1710, 50),
(110, 1684, 22),
(111, 1620, 11),
(112, 1605, 66),
(113, 1698, 23),
(114, 1659, 1),
(115, 1653, 47),
(116, 1738, 5),
(117, 1607, 51),
(118, 1630, 13),
(119, 1606, 49),
(120, 1630, 40),
(121, 1745, 46),
(122, 1742, 60),
(123, 1633, 3),
(124, 1710, 5),
(125, 1738, 23),
(126, 1719, 56),
(127, 1673, 53),
(128, 1644, 71),
(129, 1677, 29),
(130, 1665, 37),
(131, 1646, 51),
(132, 1688, 40),
(133, 1709, 16),
(134, 1612, 49),
(135, 1667, 37),
(136, 1628, 49),
(137, 1744, 48),
(138, 1613, 49),
(139, 1620, 73),
(140, 1632, 49),
(141, 1648, 65),
(142, 1602, 45),
(143, 1628, 68),
(144, 1674, 57),
(145, 1746, 8),
(146, 1751, 49),
(147, 1721, 33),
(148, 1698, 68),
(149, 1642, 1),
(150, 1710, 63),
(151, 1658, 47),
(152, 1608, 73),
(153, 1726, 51),
(154, 1713, 12),
(155, 1665, 33),
(156, 1753, 16),
(157, 1605, 25),
(158, 1660, 68),
(159, 1609, 23),
(160, 1628, 39),
(161, 1697, 64),
(162, 1681, 13),
(163, 1616, 28),
(164, 1631, 30),
(165, 1612, 33),
(166, 1689, 31),
(167, 1630, 39),
(168, 1751, 30),
(169, 1740, 68),
(170, 1673, 39),
(171, 1742, 74),
(172, 1650, 70),
(173, 1656, 55),
(174, 1744, 67),
(175, 1677, 58),
(176, 1696, 7),
(177, 1621, 16),
(178, 1622, 51),
(179, 1692, 15),
(180, 1679, 37),
(181, 1621, 66),
(182, 1674, 12),
(183, 1711, 43),
(184, 1655, 52),
(185, 1731, 15),
(186, 1618, 26),
(187, 1737, 51),
(188, 1745, 20),
(189, 1705, 27),
(190, 1740, 27),
(191, 1663, 73),
(192, 1652, 23),
(193, 1686, 18),
(194, 1650, 59),
(195, 1633, 47),
(196, 1694, 37),
(197, 1754, 21),
(198, 1669, 43),
(199, 1720, 4),
(200, 1727, 33),
(201, 1714, 8),
(202, 1625, 23),
(203, 1712, 67),
(204, 1730, 73),
(205, 1680, 58),
(206, 1696, 4),
(207, 1692, 51),
(208, 1647, 67),
(209, 1700, 11),
(210, 1734, 39),
(211, 1638, 49),
(212, 1633, 70),
(213, 1732, 70),
(214, 1694, 44),
(215, 1736, 49),
(216, 1611, 11),
(217, 1653, 78),
(218, 1628, 50),
(219, 1601, 69),
(220, 1711, 24),
(221, 1716, 47),
(222, 1647, 20),
(223, 1723, 74),
(224, 1603, 62),
(225, 1687, 6),
(226, 1641, 10),
(227, 1730, 52),
(228, 1716, 76),
(229, 1660, 43),
(230, 1640, 54),
(231, 1600, 22),
(232, 1623, 56),
(233, 1754, 63),
(234, 1698, 33),
(235, 1653, 61),
(236, 1652, 30),
(237, 1664, 44),
(238, 1721, 4),
(239, 1728, 17),
(240, 1709, 5),
(241, 1684, 29),
(242, 1640, 48),
(243, 1665, 1),
(244, 1609, 34),
(245, 1740, 9),
(246, 1711, 12),
(247, 1605, 34),
(248, 1738, 23),
(249, 1736, 30),
(250, 1718, 51),
(251, 1687, 18),
(252, 1721, 33),
(253, 1641, 71),
(254, 1640, 41),
(255, 1693, 23),
(256, 1652, 45),
(257, 1614, 1),
(258, 1681, 9),
(259, 1740, 26),
(260, 1739, 65),
(261, 1722, 74),
(262, 1635, 50),
(263, 1727, 9),
(264, 1608, 69),
(265, 1699, 19),
(266, 1684, 11),
(267, 1736, 30),
(268, 1698, 42),
(269, 1709, 70),
(270, 1705, 67),
(271, 1615, 73),
(272, 1605, 5),
(273, 1705, 27),
(274, 1635, 59),
(275, 1746, 71),
(276, 1639, 75),
(277, 1639, 28),
(278, 1662, 28),
(279, 1752, 11),
(280, 1718, 48),
(281, 1724, 9),
(282, 1694, 45),
(283, 1725, 24),
(284, 1751, 62),
(285, 1698, 48),
(286, 1688, 29),
(287, 1755, 38),
(288, 1644, 67),
(289, 1635, 40),
(290, 1731, 4),
(291, 1682, 64),
(292, 1606, 26),
(293, 1698, 14),
(294, 1638, 46),
(295, 1684, 55),
(296, 1739, 30),
(297, 1657, 21),
(298, 1748, 61),
(299, 1729, 30),
(300, 1716, 22),
(301, 1655, 68),
(302, 1624, 39),
(303, 1709, 10),
(304, 1751, 39),
(305, 1755, 46),
(306, 1749, 8),
(307, 1745, 46),
(308, 1747, 50),
(309, 1736, 63),
(310, 1663, 2),
(311, 1621, 71),
(312, 1750, 51),
(313, 1690, 7),
(314, 1684, 63),
(315, 1607, 31),
(316, 1721, 40),
(317, 1653, 25),
(318, 1632, 26),
(319, 1737, 47),
(320, 1694, 70),
(321, 1671, 10),
(322, 1717, 73),
(323, 1658, 8),
(324, 1728, 60),
(325, 1643, 40),
(326, 1700, 63),
(327, 1620, 75),
(328, 1646, 70),
(329, 1628, 43),
(330, 1746, 31),
(331, 1692, 21),
(332, 1689, 47),
(333, 1616, 21),
(334, 1611, 23),
(335, 1643, 62),
(336, 1657, 40),
(337, 1700, 37),
(338, 1607, 2),
(339, 1646, 53),
(340, 1730, 49),
(341, 1662, 60),
(342, 1645, 52),
(343, 1615, 46),
(344, 1714, 21),
(345, 1620, 50),
(346, 1715, 71),
(347, 1636, 53),
(348, 1692, 41),
(349, 1632, 39),
(350, 1614, 52),
(351, 1746, 38),
(352, 1706, 60),
(353, 1733, 71),
(354, 1626, 12),
(355, 1627, 30),
(356, 1623, 56),
(357, 1643, 64),
(358, 1652, 14),
(359, 1700, 26),
(360, 1657, 2),
(361, 1727, 53),
(362, 1724, 12),
(363, 1653, 8),
(364, 1669, 27),
(365, 1660, 50),
(366, 1713, 12),
(367, 1727, 3),
(368, 1673, 10),
(369, 1705, 47),
(370, 1707, 72),
(371, 1699, 73),
(372, 1698, 77),
(373, 1621, 73),
(374, 1627, 58),
(375, 1708, 56),
(376, 1667, 29),
(377, 1602, 20),
(378, 1620, 6),
(379, 1714, 22),
(380, 1607, 42),
(381, 1622, 14),
(382, 1699, 19),
(383, 1719, 18),
(384, 1654, 24),
(385, 1663, 29),
(386, 1703, 44),
(387, 1738, 43),
(388, 1731, 77),
(389, 1602, 54),
(390, 1717, 65),
(391, 1696, 4),
(392, 1645, 67),
(393, 1670, 33),
(394, 1731, 33),
(395, 1722, 73),
(396, 1625, 33),
(397, 1742, 23),
(398, 1621, 57),
(399, 1662, 22),
(400, 1637, 33),
(401, 1653, 68),
(402, 1710, 63),
(403, 1702, 69),
(404, 1604, 10),
(405, 1684, 12),
(406, 1690, 49),
(407, 1668, 30),
(408, 1709, 40),
(409, 1602, 31),
(410, 1664, 8),
(411, 1734, 45),
(412, 1639, 16),
(413, 1732, 39),
(414, 1710, 5),
(415, 1675, 71),
(416, 1749, 28),
(417, 1614, 36),
(418, 1678, 27),
(419, 1693, 15),
(420, 1610, 70),
(421, 1663, 65),
(422, 1635, 78),
(423, 1736, 10),
(424, 1632, 24),
(425, 1700, 20),
(426, 1746, 63),
(427, 1692, 63),
(428, 1683, 11),
(429, 1652, 36),
(430, 1734, 63),
(431, 1742, 18),
(432, 1666, 61),
(433, 1695, 47),
(434, 1702, 4),
(435, 1747, 4),
(436, 1689, 18),
(437, 1729, 35),
(438, 1603, 29),
(439, 1714, 39),
(440, 1656, 73),
(441, 1665, 14),
(442, 1735, 46),
(443, 1651, 21),
(444, 1678, 71),
(445, 1630, 76),
(446, 1755, 23),
(447, 1605, 7),
(448, 1636, 56),
(449, 1603, 17),
(450, 1679, 58),
(451, 1646, 74),
(452, 1652, 36),
(453, 1644, 68),
(454, 1672, 24),
(455, 1723, 30),
(456, 1718, 22),
(457, 1742, 22),
(458, 1631, 28),
(459, 1615, 17),
(460, 1608, 25),
(461, 1704, 2),
(462, 1738, 27),
(463, 1736, 40),
(464, 1715, 27),
(465, 1688, 56),
(466, 1705, 66),
(467, 1716, 78),
(468, 1697, 49),
(469, 1633, 64),
(470, 1609, 52),
(471, 1710, 48),
(472, 1678, 57),
(473, 1666, 51),
(474, 1715, 77),
(475, 1680, 18),
(476, 1610, 5),
(477, 1622, 30),
(478, 1748, 10),
(479, 1681, 75),
(480, 1712, 39),
(481, 1713, 59),
(482, 1701, 44),
(483, 1638, 41),
(484, 1757, 8),
(485, 1741, 20),
(486, 1757, 36),
(487, 1628, 63),
(488, 1704, 63),
(489, 1706, 32),
(490, 1607, 68),
(491, 1688, 57),
(492, 1688, 56),
(493, 1647, 25),
(494, 1629, 42),
(495, 1721, 74),
(496, 1742, 50),
(497, 1669, 76),
(498, 1724, 41),
(499, 1620, 28),
(500, 1605, 21),
(501, 1739, 75),
(502, 1685, 51),
(503, 1752, 60),
(504, 1695, 57),
(505, 1616, 76),
(506, 1720, 48),
(507, 1665, 43),
(508, 1713, 57),
(509, 1643, 34),
(510, 1619, 63),
(511, 1672, 21),
(512, 1604, 60),
(513, 1619, 70),
(514, 1623, 50),
(515, 1636, 74),
(516, 1647, 68),
(517, 1751, 7),
(518, 1687, 14),
(519, 1673, 27),
(520, 1703, 38),
(521, 1668, 1),
(522, 1622, 78),
(523, 1715, 54),
(524, 1724, 3),
(525, 1714, 19),
(526, 1642, 16),
(527, 1705, 64),
(528, 1604, 72),
(529, 1616, 70),
(530, 1729, 67),
(531, 1622, 14),
(532, 1680, 72),
(533, 1711, 5),
(534, 1742, 11),
(535, 1626, 51),
(536, 1720, 32),
(537, 1729, 52),
(538, 1674, 25),
(539, 1715, 54),
(540, 1749, 65),
(541, 1656, 53),
(542, 1725, 36),
(543, 1617, 48),
(544, 1668, 18),
(545, 1718, 58),
(546, 1632, 36),
(547, 1623, 71),
(548, 1686, 4),
(549, 1624, 51),
(550, 1602, 75),
(551, 1717, 10),
(552, 1749, 43),
(553, 1602, 50),
(554, 1682, 35),
(555, 1622, 66),
(556, 1610, 78),
(557, 1667, 45),
(558, 1703, 44),
(559, 1712, 22),
(560, 1659, 75),
(561, 1678, 29),
(562, 1648, 53),
(563, 1659, 71),
(564, 1670, 18),
(565, 1617, 19),
(566, 1738, 38),
(567, 1739, 5),
(568, 1633, 52),
(569, 1703, 77),
(570, 1685, 68),
(571, 1706, 52),
(572, 1687, 49),
(573, 1728, 26),
(574, 1688, 17),
(575, 1665, 72),
(576, 1720, 38),
(577, 1621, 40),
(578, 1743, 47),
(579, 1686, 65),
(580, 1733, 76),
(581, 1639, 69),
(582, 1664, 37),
(583, 1600, 76),
(584, 1755, 70),
(585, 1612, 65),
(586, 1630, 43),
(587, 1721, 60),
(588, 1673, 29),
(589, 1688, 73),
(590, 1717, 45),
(591, 1680, 4),
(592, 1632, 72),
(593, 1607, 53),
(594, 1690, 59),
(595, 1633, 30),
(596, 1694, 67),
(597, 1710, 60),
(598, 1731, 29),
(599, 1663, 31),
(600, 1633, 15),
(601, 1733, 50),
(602, 1756, 14),
(603, 1623, 51),
(604, 1746, 13),
(605, 1630, 63),
(606, 1750, 24),
(607, 1652, 1),
(608, 1739, 76),
(609, 1674, 2),
(610, 1672, 36),
(611, 1602, 74),
(612, 1660, 74),
(613, 1641, 14),
(614, 1603, 17),
(615, 1755, 17),
(616, 1655, 65),
(617, 1689, 65),
(618, 1724, 56),
(619, 1667, 4),
(620, 1645, 46),
(621, 1677, 10),
(622, 1756, 64),
(623, 1719, 76),
(624, 1640, 16),
(625, 1625, 41),
(626, 1658, 56),
(627, 1619, 3),
(628, 1635, 70),
(629, 1633, 33),
(630, 1736, 44),
(631, 1626, 17),
(632, 1652, 77),
(633, 1634, 27),
(634, 1728, 20),
(635, 1635, 19),
(636, 1729, 67),
(637, 1675, 75),
(638, 1655, 31),
(639, 1660, 30),
(640, 1612, 19),
(641, 1702, 71),
(642, 1603, 58),
(643, 1650, 27),
(644, 1654, 50),
(645, 1650, 41),
(646, 1676, 62),
(647, 1669, 66),
(648, 1672, 10),
(649, 1714, 78),
(650, 1744, 53),
(651, 1659, 65),
(652, 1614, 35),
(653, 1614, 30),
(654, 1710, 70),
(655, 1640, 43),
(656, 1707, 14),
(657, 1639, 69),
(658, 1648, 24),
(659, 1689, 59),
(660, 1678, 17),
(661, 1644, 7),
(662, 1687, 11),
(663, 1747, 2),
(664, 1703, 48),
(665, 1663, 58),
(666, 1669, 29),
(667, 1693, 32),
(668, 1609, 63),
(669, 1675, 61),
(670, 1716, 18),
(671, 1685, 31),
(672, 1668, 10),
(673, 1740, 49),
(674, 1654, 34),
(675, 1604, 40),
(676, 1600, 18),
(677, 1652, 74),
(678, 1718, 36),
(679, 1662, 70),
(680, 1730, 42),
(681, 1648, 26),
(682, 1726, 13),
(683, 1740, 48),
(684, 1711, 31),
(685, 1630, 55),
(686, 1605, 6),
(687, 1739, 61),
(688, 1677, 37),
(689, 1613, 49),
(690, 1648, 67),
(691, 1667, 77),
(692, 1606, 2),
(693, 1622, 77),
(694, 1731, 54),
(695, 1692, 78),
(696, 1657, 76),
(697, 1694, 42),
(698, 1642, 72),
(699, 1615, 45),
(700, 1610, 62),
(701, 1712, 33),
(702, 1600, 62),
(703, 1625, 75),
(704, 1659, 3),
(705, 1657, 33),
(706, 1638, 9),
(707, 1603, 35),
(708, 1740, 49),
(709, 1705, 52),
(710, 1662, 53),
(711, 1603, 74),
(712, 1651, 34),
(713, 1754, 43),
(714, 1609, 67),
(715, 1734, 56),
(716, 1620, 72),
(717, 1718, 68),
(718, 1634, 58),
(719, 1693, 49),
(720, 1603, 49),
(721, 1621, 9),
(722, 1739, 20),
(723, 1645, 17),
(724, 1688, 19),
(725, 1637, 74),
(726, 1639, 18),
(727, 1739, 34),
(728, 1700, 42),
(729, 1724, 27),
(730, 1740, 48),
(731, 1657, 76),
(732, 1656, 42),
(733, 1608, 24),
(734, 1727, 73),
(735, 1641, 15),
(736, 1714, 47),
(737, 1721, 72),
(738, 1693, 23),
(739, 1637, 31),
(740, 1688, 31),
(741, 1723, 4),
(742, 1635, 7),
(743, 1703, 3),
(744, 1730, 42),
(745, 1691, 40),
(746, 1658, 35),
(747, 1754, 77),
(748, 1747, 10),
(749, 1705, 75),
(750, 1678, 34),
(751, 1624, 22),
(752, 1727, 67),
(753, 1673, 70),
(754, 1625, 66),
(755, 1698, 63),
(756, 1623, 45),
(757, 1680, 9),
(758, 1630, 24),
(759, 1640, 17),
(760, 1752, 28),
(761, 1668, 9),
(762, 1697, 38),
(763, 1609, 53),
(764, 1619, 40),
(765, 1733, 16),
(766, 1620, 17),
(767, 1610, 30),
(768, 1683, 34),
(769, 1720, 24),
(770, 1744, 20),
(771, 1635, 72),
(772, 1691, 31),
(773, 1702, 4),
(774, 1661, 65),
(775, 1739, 28),
(776, 1632, 76),
(777, 1738, 63),
(778, 1657, 20),
(779, 1669, 75),
(780, 1730, 75),
(781, 1625, 71),
(782, 1727, 1),
(783, 1653, 40),
(784, 1754, 61),
(785, 1666, 65),
(786, 1660, 18),
(787, 1650, 61),
(788, 1635, 21),
(789, 1615, 35),
(790, 1693, 22),
(791, 1735, 68),
(792, 1694, 56),
(793, 1662, 59),
(794, 1724, 24),
(795, 1692, 43),
(796, 1689, 20),
(797, 1615, 56),
(798, 1716, 51),
(799, 1664, 43),
(800, 1631, 28),
(801, 1623, 40),
(802, 1663, 59),
(803, 1657, 77),
(804, 1604, 54),
(805, 1620, 52),
(806, 1697, 24),
(807, 1696, 13),
(808, 1704, 10),
(809, 1663, 44),
(810, 1641, 6),
(811, 1661, 28),
(812, 1605, 6),
(813, 1659, 44),
(814, 1717, 30),
(815, 1620, 27),
(816, 1618, 32),
(817, 1650, 45),
(818, 1695, 40),
(819, 1737, 6),
(820, 1726, 36),
(821, 1753, 43),
(822, 1617, 61),
(823, 1611, 67),
(824, 1689, 15),
(825, 1695, 78),
(826, 1672, 51),
(827, 1674, 75),
(828, 1738, 46),
(829, 1601, 54),
(830, 1690, 68),
(831, 1733, 16),
(832, 1627, 52),
(833, 1727, 13),
(834, 1673, 52),
(835, 1733, 46),
(836, 1679, 78),
(837, 1749, 42),
(838, 1675, 35),
(839, 1691, 42),
(840, 1682, 9),
(841, 1712, 62),
(842, 1694, 78),
(843, 1625, 62),
(844, 1744, 9),
(845, 1730, 2),
(846, 1670, 13),
(847, 1669, 66),
(848, 1600, 47),
(849, 1639, 68),
(850, 1700, 44),
(851, 1741, 25),
(852, 1722, 45),
(853, 1625, 58),
(854, 1719, 49),
(855, 1755, 32),
(856, 1627, 38),
(857, 1696, 69),
(858, 1750, 26),
(859, 1616, 64),
(860, 1725, 15),
(861, 1689, 78),
(862, 1730, 66),
(863, 1674, 7),
(864, 1744, 51),
(865, 1659, 3),
(866, 1671, 4),
(867, 1747, 19),
(868, 1692, 32),
(869, 1738, 32),
(870, 1650, 33),
(871, 1753, 24),
(872, 1627, 53),
(873, 1668, 24),
(874, 1621, 34),
(875, 1742, 66),
(876, 1620, 73),
(877, 1641, 32),
(878, 1635, 75),
(879, 1603, 19),
(880, 1696, 14),
(881, 1681, 52),
(882, 1724, 73),
(883, 1653, 78),
(884, 1638, 38),
(885, 1680, 39),
(886, 1714, 1),
(887, 1733, 26),
(888, 1619, 29),
(889, 1652, 70),
(890, 1709, 20),
(891, 1734, 72),
(892, 1671, 68),
(893, 1726, 75),
(894, 1717, 42),
(895, 1660, 41),
(896, 1655, 57),
(897, 1690, 47),
(898, 1739, 43),
(899, 1658, 61),
(900, 1665, 7),
(901, 1757, 57),
(902, 1670, 41),
(903, 1679, 42),
(904, 1734, 9),
(905, 1681, 73),
(906, 1747, 28),
(907, 1628, 3),
(908, 1621, 13),
(909, 1629, 27),
(910, 1678, 19),
(911, 1743, 50),
(912, 1699, 71),
(913, 1620, 30),
(914, 1610, 58),
(915, 1751, 16),
(916, 1696, 4),
(917, 1625, 74),
(918, 1621, 42),
(919, 1745, 12),
(920, 1684, 7),
(921, 1719, 3),
(922, 1604, 30),
(923, 1630, 15),
(924, 1600, 16),
(925, 1658, 13),
(926, 1696, 30),
(927, 1656, 43),
(928, 1730, 20),
(929, 1714, 23),
(930, 1623, 44),
(931, 1689, 59),
(932, 1630, 33),
(933, 1668, 11),
(934, 1613, 15),
(935, 1642, 61),
(936, 1706, 65),
(937, 1748, 34),
(938, 1656, 47),
(939, 1716, 74),
(940, 1672, 39),
(941, 1711, 51),
(942, 1694, 50),
(943, 1687, 4),
(944, 1706, 50),
(945, 1622, 13),
(946, 1690, 71),
(947, 1743, 52),
(948, 1698, 61),
(949, 1681, 51),
(950, 1607, 12),
(951, 1709, 2),
(952, 1608, 12),
(953, 1658, 24),
(954, 1607, 25),
(955, 1642, 78),
(956, 1743, 63),
(957, 1629, 33),
(958, 1702, 24),
(959, 1605, 31),
(960, 1697, 61),
(961, 1752, 58),
(962, 1693, 20),
(963, 1711, 73),
(964, 1697, 31),
(965, 1675, 72),
(966, 1666, 21),
(967, 1632, 42),
(968, 1724, 76),
(969, 1692, 33),
(970, 1732, 58),
(971, 1657, 53),
(972, 1755, 52),
(973, 1605, 75),
(974, 1605, 23),
(975, 1678, 15),
(976, 1712, 78),
(977, 1640, 29),
(978, 1707, 53),
(979, 1666, 77),
(980, 1721, 76),
(981, 1677, 19),
(982, 1737, 39),
(983, 1680, 48),
(984, 1644, 19),
(985, 1736, 54),
(986, 1612, 7),
(987, 1650, 16),
(988, 1683, 5),
(989, 1680, 45),
(990, 1641, 36),
(991, 1712, 20),
(992, 1693, 78),
(993, 1703, 38),
(994, 1722, 10),
(995, 1689, 62),
(996, 1637, 8),
(997, 1629, 12),
(998, 1681, 78),
(999, 1669, 78),
(1000, 1679, 50),
(1001, 1745, 59),
(1002, 1726, 25),
(1003, 1662, 29),
(1004, 1694, 19),
(1005, 1600, 54),
(1006, 1690, 68),
(1007, 1698, 54),
(1008, 1727, 5),
(1009, 1720, 33),
(1010, 1750, 11),
(1011, 1712, 21),
(1012, 1660, 5),
(1013, 1742, 1),
(1014, 1729, 36),
(1015, 1733, 5),
(1016, 1629, 22),
(1017, 1630, 28),
(1018, 1600, 34),
(1019, 1638, 42),
(1020, 1633, 20),
(1021, 1718, 59),
(1022, 1685, 50),
(1023, 1688, 42),
(1024, 1634, 67),
(1025, 1694, 7),
(1026, 1731, 30),
(1027, 1683, 44),
(1028, 1737, 3),
(1029, 1651, 5),
(1030, 1752, 23),
(1031, 1723, 32),
(1032, 1732, 38),
(1033, 1722, 5),
(1034, 1620, 64),
(1035, 1708, 45),
(1036, 1662, 4),
(1037, 1704, 3),
(1038, 1673, 41),
(1039, 1727, 42),
(1040, 1754, 20),
(1041, 1750, 6),
(1042, 1748, 16),
(1043, 1646, 20),
(1044, 1674, 29),
(1045, 1716, 42),
(1046, 1613, 62),
(1047, 1719, 76),
(1048, 1640, 39),
(1049, 1671, 60),
(1050, 1641, 48),
(1051, 1642, 68),
(1052, 1625, 72),
(1053, 1647, 20),
(1054, 1725, 31),
(1055, 1717, 23),
(1056, 1685, 7),
(1057, 1726, 16),
(1058, 1690, 69),
(1059, 1666, 32),
(1060, 1749, 46),
(1061, 1619, 14),
(1062, 1627, 29),
(1063, 1684, 32),
(1064, 1650, 75),
(1065, 1745, 66),
(1066, 1671, 21),
(1067, 1643, 56),
(1068, 1686, 18),
(1069, 1627, 42),
(1070, 1754, 71),
(1071, 1608, 55),
(1072, 1671, 22),
(1073, 1656, 11),
(1074, 1618, 57),
(1075, 1682, 72),
(1076, 1664, 43),
(1077, 1627, 55),
(1078, 1651, 5),
(1079, 1719, 71),
(1080, 1704, 20),
(1081, 1622, 35),
(1082, 1610, 18),
(1083, 1685, 15),
(1084, 1643, 73),
(1085, 1743, 33),
(1086, 1666, 58),
(1087, 1710, 15),
(1088, 1719, 22),
(1089, 1685, 78),
(1090, 1711, 25),
(1091, 1603, 72),
(1092, 1668, 60),
(1093, 1686, 29),
(1094, 1752, 1),
(1095, 1620, 59),
(1096, 1721, 3),
(1097, 1672, 43),
(1098, 1654, 54),
(1099, 1679, 47),
(1100, 1619, 57),
(1101, 1722, 50),
(1102, 1638, 45),
(1103, 1740, 13),
(1104, 1677, 6),
(1105, 1622, 57),
(1106, 1627, 41),
(1107, 1717, 39),
(1108, 1649, 10),
(1109, 1754, 22),
(1110, 1749, 71),
(1111, 1673, 57),
(1112, 1704, 71),
(1113, 1693, 38),
(1114, 1603, 54),
(1115, 1660, 42),
(1116, 1603, 14),
(1117, 1608, 57),
(1118, 1736, 21),
(1119, 1705, 23),
(1120, 1726, 34),
(1121, 1695, 5),
(1122, 1636, 23),
(1123, 1654, 31),
(1124, 1644, 46),
(1125, 1605, 46),
(1126, 1656, 8),
(1127, 1720, 1),
(1128, 1665, 73),
(1129, 1687, 70),
(1130, 1735, 17),
(1131, 1705, 2),
(1132, 1631, 67),
(1133, 1659, 28),
(1134, 1722, 53),
(1135, 1675, 61),
(1136, 1744, 22),
(1137, 1729, 23),
(1138, 1721, 25),
(1139, 1748, 53),
(1140, 1613, 17),
(1141, 1616, 13),
(1142, 1651, 6),
(1143, 1649, 16),
(1144, 1706, 66),
(1145, 1635, 12),
(1146, 1755, 36),
(1147, 1657, 67),
(1148, 1707, 24),
(1149, 1718, 66),
(1150, 1655, 11),
(1151, 1688, 49),
(1152, 1680, 24),
(1153, 1716, 33),
(1154, 1637, 43),
(1155, 1745, 10),
(1156, 1660, 71),
(1157, 1620, 62),
(1158, 1613, 65),
(1159, 1646, 13),
(1160, 1602, 11),
(1161, 1634, 43),
(1162, 1681, 72),
(1163, 1638, 6),
(1164, 1621, 52),
(1165, 1627, 60),
(1166, 1714, 61),
(1167, 1697, 11),
(1168, 1609, 11),
(1169, 1647, 35),
(1170, 1608, 63),
(1171, 1740, 7),
(1172, 1695, 64),
(1173, 1706, 77),
(1174, 1685, 40),
(1175, 1612, 41),
(1176, 1757, 18),
(1177, 1721, 60),
(1178, 1710, 8),
(1179, 1687, 49),
(1180, 1710, 63),
(1181, 1697, 34),
(1182, 1619, 56),
(1183, 1646, 25),
(1184, 1606, 30),
(1185, 1720, 43),
(1186, 1694, 21),
(1187, 1629, 68),
(1188, 1744, 1),
(1189, 1729, 72),
(1190, 1636, 21),
(1191, 1703, 8),
(1192, 1729, 9),
(1193, 1652, 64),
(1194, 1740, 72),
(1195, 1609, 46),
(1196, 1712, 57),
(1197, 1753, 3),
(1198, 1744, 6),
(1199, 1643, 52),
(1200, 1748, 63),
(1201, 1657, 77),
(1202, 1601, 6),
(1203, 1660, 20),
(1204, 1658, 45),
(1205, 1607, 36),
(1206, 1608, 15),
(1207, 1657, 32),
(1208, 1709, 21),
(1209, 1670, 55),
(1210, 1648, 32),
(1211, 1655, 55),
(1212, 1740, 54),
(1213, 1656, 8),
(1214, 1632, 56),
(1215, 1739, 51),
(1216, 1612, 39),
(1217, 1664, 69),
(1218, 1690, 7),
(1219, 1752, 36),
(1220, 1741, 3),
(1221, 1697, 44),
(1222, 1750, 58),
(1223, 1689, 32),
(1224, 1700, 69),
(1225, 1673, 30),
(1226, 1667, 58),
(1227, 1717, 73),
(1228, 1602, 54),
(1229, 1629, 15),
(1230, 1612, 8),
(1231, 1748, 35),
(1232, 1652, 12),
(1233, 1717, 62),
(1234, 1637, 39),
(1235, 1640, 6),
(1236, 1700, 40),
(1237, 1680, 48),
(1238, 1676, 52),
(1239, 1711, 42),
(1240, 1663, 31),
(1241, 1626, 62),
(1242, 1731, 23),
(1243, 1674, 50),
(1244, 1627, 48),
(1245, 1668, 70),
(1246, 1694, 12),
(1247, 1638, 51),
(1248, 1735, 76),
(1249, 1738, 17),
(1250, 1613, 78),
(1251, 1626, 49),
(1252, 1663, 59),
(1253, 1666, 69),
(1254, 1681, 73),
(1255, 1717, 65),
(1256, 1643, 40),
(1257, 1660, 19),
(1258, 1724, 5),
(1259, 1632, 56),
(1260, 1712, 10),
(1261, 1627, 25),
(1262, 1689, 18),
(1263, 1624, 51),
(1264, 1691, 38),
(1265, 1724, 14),
(1266, 1739, 77),
(1267, 1689, 61),
(1268, 1649, 11),
(1269, 1724, 74),
(1270, 1637, 60),
(1271, 1642, 8),
(1272, 1608, 35),
(1273, 1720, 71),
(1274, 1616, 54),
(1275, 1646, 49),
(1276, 1647, 21),
(1277, 1654, 20),
(1278, 1707, 50),
(1279, 1641, 49),
(1280, 1700, 6),
(1281, 1693, 40),
(1282, 1714, 60),
(1283, 1690, 3),
(1284, 1651, 61),
(1285, 1600, 71),
(1286, 1619, 53),
(1287, 1633, 32),
(1288, 1693, 51),
(1289, 1674, 31),
(1290, 1641, 77),
(1291, 1630, 21),
(1292, 1603, 62),
(1293, 1652, 36),
(1294, 1662, 8),
(1295, 1704, 58),
(1296, 1755, 1),
(1297, 1754, 66),
(1298, 1728, 19),
(1299, 1692, 66),
(1300, 1679, 67),
(1301, 1679, 58),
(1302, 1651, 53),
(1303, 1747, 37),
(1304, 1718, 48),
(1305, 1613, 41),
(1306, 1729, 57),
(1307, 1677, 17),
(1308, 1668, 1),
(1309, 1651, 21),
(1310, 1710, 68),
(1311, 1718, 25),
(1312, 1740, 34),
(1313, 1717, 66),
(1314, 1721, 59),
(1315, 1606, 61),
(1316, 1607, 66),
(1317, 1743, 23),
(1318, 1700, 25),
(1319, 1614, 54),
(1320, 1751, 60),
(1321, 1721, 47),
(1322, 1680, 62),
(1323, 1733, 44),
(1324, 1723, 64),
(1325, 1686, 77),
(1326, 1723, 17),
(1327, 1636, 63),
(1328, 1641, 62),
(1329, 1679, 53),
(1330, 1631, 11),
(1331, 1621, 75),
(1332, 1622, 25),
(1333, 1645, 25),
(1334, 1684, 8),
(1335, 1657, 44),
(1336, 1756, 42),
(1337, 1739, 78),
(1338, 1608, 16),
(1339, 1689, 23),
(1340, 1719, 13),
(1341, 1653, 43),
(1342, 1731, 67),
(1343, 1676, 67),
(1344, 1645, 64),
(1345, 1618, 73),
(1346, 1684, 24),
(1347, 1624, 71),
(1348, 1686, 31),
(1349, 1706, 10),
(1350, 1750, 3),
(1351, 1700, 40),
(1352, 1680, 29),
(1353, 1632, 15),
(1354, 1737, 76),
(1355, 1627, 44),
(1356, 1757, 4),
(1357, 1630, 28),
(1358, 1752, 11),
(1359, 1706, 5),
(1360, 1648, 72),
(1361, 1616, 71),
(1362, 1701, 70),
(1363, 1625, 78),
(1364, 1730, 25),
(1365, 1743, 11),
(1366, 1620, 36),
(1367, 1742, 52),
(1368, 1621, 44),
(1369, 1629, 17),
(1370, 1724, 24),
(1371, 1640, 31),
(1372, 1649, 3),
(1373, 1678, 62),
(1374, 1675, 10),
(1375, 1747, 68),
(1376, 1662, 31),
(1377, 1756, 73),
(1378, 1685, 6),
(1379, 1646, 43),
(1380, 1691, 22),
(1381, 1716, 61),
(1382, 1750, 24),
(1383, 1643, 36),
(1384, 1649, 61),
(1385, 1633, 9),
(1386, 1607, 73),
(1387, 1621, 32),
(1388, 1667, 52),
(1389, 1729, 27),
(1390, 1725, 24),
(1391, 1603, 52),
(1392, 1718, 19),
(1393, 1728, 65),
(1394, 1744, 50),
(1395, 1699, 18),
(1396, 1735, 44),
(1397, 1695, 65),
(1398, 1709, 5),
(1399, 1733, 73),
(1400, 1628, 63),
(1401, 1677, 35),
(1402, 1741, 24),
(1403, 1719, 65),
(1404, 1649, 32),
(1405, 1662, 38),
(1406, 1739, 1),
(1407, 1690, 38),
(1408, 1615, 52),
(1409, 1723, 22),
(1410, 1661, 40),
(1411, 1740, 34),
(1412, 1623, 21),
(1413, 1747, 43),
(1414, 1604, 40),
(1415, 1754, 22),
(1416, 1643, 67),
(1417, 1679, 48),
(1418, 1621, 61),
(1419, 1639, 67),
(1420, 1742, 66),
(1421, 1736, 20),
(1422, 1706, 39),
(1423, 1755, 47),
(1424, 1684, 47),
(1425, 1683, 7),
(1426, 1755, 41),
(1427, 1656, 44),
(1428, 1709, 44),
(1429, 1711, 77),
(1430, 1631, 78),
(1431, 1651, 52),
(1432, 1682, 55),
(1433, 1747, 29),
(1434, 1730, 40),
(1435, 1757, 50),
(1436, 1677, 29),
(1437, 1706, 19),
(1438, 1724, 67),
(1439, 1679, 36),
(1440, 1644, 49),
(1441, 1727, 74),
(1442, 1624, 30),
(1443, 1720, 47),
(1444, 1701, 8),
(1445, 1661, 8),
(1446, 1650, 51),
(1447, 1753, 1),
(1448, 1650, 78),
(1449, 1663, 32),
(1450, 1640, 12),
(1451, 1643, 62),
(1452, 1718, 23),
(1453, 1721, 29),
(1454, 1706, 70),
(1455, 1757, 21),
(1456, 1734, 52),
(1457, 1712, 19),
(1458, 1739, 10),
(1459, 1721, 39),
(1460, 1669, 46),
(1461, 1725, 18),
(1462, 1693, 5),
(1463, 1734, 74),
(1464, 1623, 4),
(1465, 1694, 1),
(1466, 1681, 64),
(1467, 1638, 64),
(1468, 1623, 36),
(1469, 1723, 51),
(1470, 1723, 74),
(1471, 1709, 26),
(1472, 1655, 64),
(1473, 1642, 33),
(1474, 1623, 48),
(1475, 1606, 11),
(1476, 1716, 33),
(1477, 1723, 51),
(1478, 1742, 51),
(1479, 1728, 12),
(1480, 1636, 41),
(1481, 1662, 9),
(1482, 1738, 29),
(1483, 1652, 21),
(1484, 1728, 6),
(1485, 1700, 77),
(1486, 1714, 30),
(1487, 1679, 18),
(1488, 1727, 32),
(1489, 1667, 59),
(1490, 1620, 32),
(1491, 1692, 29),
(1492, 1600, 53),
(1493, 1656, 36),
(1494, 1756, 15),
(1495, 1642, 15),
(1496, 1633, 66),
(1497, 1653, 9),
(1498, 1673, 77),
(1499, 1694, 25),
(1500, 1750, 55),
(1501, 1623, 4),
(1502, 1690, 17),
(1503, 1623, 45),
(1504, 1633, 76),
(1505, 1647, 52),
(1506, 1636, 53),
(1507, 1631, 4),
(1508, 1600, 36),
(1509, 1677, 8),
(1510, 1646, 68),
(1511, 1699, 1),
(1512, 1755, 55),
(1513, 1690, 44),
(1514, 1624, 40),
(1515, 1728, 23),
(1516, 1686, 51),
(1517, 1674, 45),
(1518, 1640, 66),
(1519, 1691, 7),
(1520, 1649, 42),
(1521, 1690, 74),
(1522, 1640, 60),
(1523, 1747, 65),
(1524, 1628, 57),
(1525, 1631, 30),
(1526, 1627, 17),
(1527, 1709, 23),
(1528, 1707, 59),
(1529, 1609, 58),
(1530, 1717, 8),
(1531, 1704, 26),
(1532, 1726, 75),
(1533, 1657, 67),
(1534, 1617, 71),
(1535, 1716, 52),
(1536, 1612, 76),
(1537, 1656, 21),
(1538, 1652, 25),
(1539, 1651, 41),
(1540, 1600, 28),
(1541, 1681, 65),
(1542, 1616, 5),
(1543, 1686, 36),
(1544, 1602, 30),
(1545, 1746, 32),
(1546, 1743, 26),
(1547, 1660, 12),
(1548, 1669, 59),
(1549, 1694, 33),
(1550, 1650, 71),
(1551, 1708, 14),
(1552, 1734, 8),
(1553, 1678, 49),
(1554, 1670, 37),
(1555, 1685, 33),
(1556, 1727, 78),
(1557, 1687, 23),
(1558, 1634, 52),
(1559, 1606, 44),
(1560, 1658, 19),
(1561, 1637, 66),
(1562, 1613, 16),
(1563, 1603, 4),
(1564, 1679, 77),
(1565, 1617, 38),
(1566, 1720, 13),
(1567, 1611, 53),
(1568, 1709, 38),
(1569, 1604, 78),
(1570, 1604, 55),
(1571, 1753, 15),
(1572, 1646, 11),
(1573, 1674, 40),
(1574, 1658, 70),
(1575, 1702, 15),
(1576, 1664, 39),
(1577, 1739, 24),
(1578, 1672, 13),
(1579, 1717, 32),
(1580, 1664, 37),
(1581, 1626, 8),
(1582, 1663, 73),
(1583, 1659, 60),
(1584, 1713, 31),
(1585, 1693, 49),
(1586, 1708, 38),
(1587, 1645, 35),
(1588, 1671, 38),
(1589, 1672, 42),
(1590, 1719, 46),
(1591, 1682, 13),
(1592, 1677, 67),
(1593, 1646, 47),
(1594, 1631, 5),
(1595, 1714, 24),
(1596, 1726, 32),
(1597, 1719, 78),
(1598, 1631, 22),
(1599, 1738, 43),
(1600, 1682, 11),
(1601, 1619, 20),
(1602, 1726, 72),
(1603, 1720, 70),
(1604, 1636, 31),
(1605, 1671, 28),
(1606, 1725, 53),
(1607, 1743, 35),
(1608, 1629, 57),
(1609, 1710, 64),
(1610, 1669, 76),
(1611, 1627, 65),
(1612, 1691, 69),
(1613, 1639, 37),
(1614, 1693, 11),
(1615, 1628, 58),
(1616, 1715, 37),
(1617, 1634, 61),
(1618, 1622, 63),
(1619, 1745, 41),
(1620, 1608, 44),
(1621, 1648, 36),
(1622, 1740, 44),
(1623, 1692, 74),
(1624, 1691, 35),
(1625, 1628, 61),
(1626, 1629, 8),
(1627, 1658, 55),
(1628, 1668, 78),
(1629, 1635, 67),
(1630, 1748, 71),
(1631, 1624, 40),
(1632, 1755, 73),
(1633, 1694, 16),
(1634, 1625, 27),
(1635, 1645, 58),
(1636, 1641, 13),
(1637, 1723, 20),
(1638, 1707, 69),
(1639, 1690, 63),
(1640, 1618, 6),
(1641, 1620, 78),
(1642, 1660, 56),
(1643, 1732, 24),
(1644, 1626, 41),
(1645, 1751, 58),
(1646, 1670, 59),
(1647, 1666, 74),
(1648, 1649, 29),
(1649, 1730, 72),
(1650, 1735, 74),
(1651, 1633, 54),
(1652, 1628, 72),
(1653, 1704, 42),
(1654, 1720, 65),
(1655, 1601, 7),
(1656, 1685, 11),
(1657, 1751, 43),
(1658, 1741, 42),
(1659, 1749, 2),
(1660, 1686, 7),
(1661, 1727, 24),
(1662, 1751, 27),
(1663, 1742, 73),
(1664, 1713, 65),
(1665, 1672, 4),
(1666, 1691, 21),
(1667, 1718, 36),
(1668, 1677, 31),
(1669, 1676, 27),
(1670, 1710, 47),
(1671, 1619, 26),
(1672, 1603, 67),
(1673, 1727, 47),
(1674, 1675, 13),
(1675, 1739, 54),
(1676, 1748, 3),
(1677, 1745, 11),
(1678, 1743, 11),
(1679, 1666, 15),
(1680, 1630, 58),
(1681, 1625, 45),
(1682, 1716, 1),
(1683, 1689, 18),
(1684, 1711, 46),
(1685, 1682, 70),
(1686, 1729, 44),
(1687, 1745, 66),
(1688, 1735, 45),
(1689, 1679, 35),
(1690, 1602, 32),
(1691, 1621, 38),
(1692, 1751, 22),
(1693, 1711, 30),
(1694, 1661, 13),
(1695, 1651, 26),
(1696, 1741, 55),
(1697, 1645, 40),
(1698, 1624, 2),
(1699, 1724, 43),
(1700, 1648, 37),
(1701, 1757, 1),
(1702, 1679, 40),
(1703, 1661, 23),
(1704, 1704, 10),
(1705, 1675, 57),
(1706, 1677, 49),
(1707, 1756, 2),
(1708, 1657, 46),
(1709, 1604, 14),
(1710, 1649, 66),
(1711, 1603, 49),
(1712, 1699, 44),
(1713, 1615, 52),
(1714, 1627, 41),
(1715, 1703, 38),
(1716, 1735, 47),
(1717, 1659, 51),
(1718, 1633, 52),
(1719, 1641, 53),
(1720, 1715, 77),
(1721, 1615, 74),
(1722, 1646, 24),
(1723, 1700, 52),
(1724, 1614, 59),
(1725, 1604, 54),
(1726, 1666, 36),
(1727, 1634, 54),
(1728, 1678, 42),
(1729, 1723, 46),
(1730, 1637, 7),
(1731, 1642, 58),
(1732, 1690, 8),
(1733, 1694, 28),
(1734, 1757, 69),
(1735, 1713, 17),
(1736, 1707, 41),
(1737, 1655, 58),
(1738, 1613, 6),
(1739, 1676, 4),
(1740, 1616, 29),
(1741, 1609, 22),
(1742, 1697, 2),
(1743, 1639, 54),
(1744, 1615, 8),
(1745, 1666, 56),
(1746, 1691, 52),
(1747, 1719, 30),
(1748, 1633, 32),
(1749, 1612, 66),
(1750, 1634, 73),
(1751, 1749, 12),
(1752, 1732, 32),
(1753, 1670, 30),
(1754, 1647, 18),
(1755, 1723, 9),
(1756, 1741, 17),
(1757, 1718, 36),
(1758, 1623, 39),
(1759, 1696, 17),
(1760, 1636, 8),
(1761, 1655, 54),
(1762, 1612, 60),
(1763, 1607, 20),
(1764, 1631, 63),
(1765, 1718, 71),
(1766, 1624, 15),
(1767, 1747, 8),
(1768, 1685, 44),
(1769, 1730, 33),
(1770, 1690, 46),
(1771, 1741, 14),
(1772, 1726, 4),
(1773, 1676, 71),
(1774, 1625, 65),
(1775, 1601, 16),
(1776, 1636, 19),
(1777, 1618, 74),
(1778, 1756, 46),
(1779, 1734, 56),
(1780, 1731, 53),
(1781, 1729, 29),
(1782, 1757, 66),
(1783, 1670, 66),
(1784, 1704, 71),
(1785, 1637, 35),
(1786, 1662, 66),
(1787, 1615, 76),
(1788, 1713, 76),
(1789, 1657, 42),
(1790, 1675, 67),
(1791, 1699, 12),
(1792, 1621, 29),
(1793, 1757, 69),
(1794, 1602, 60),
(1795, 1707, 28),
(1796, 1753, 30),
(1797, 1750, 7),
(1798, 1601, 54),
(1799, 1714, 17),
(1800, 1737, 8),
(1801, 1611, 17),
(1802, 1709, 38),
(1803, 1720, 29),
(1804, 1750, 5),
(1805, 1690, 52),
(1806, 1607, 25),
(1807, 1727, 72),
(1808, 1754, 55),
(1809, 1612, 63),
(1810, 1752, 18),
(1811, 1601, 68),
(1812, 1729, 72),
(1813, 1628, 14),
(1814, 1656, 54),
(1815, 1677, 9),
(1816, 1702, 51),
(1817, 1726, 28),
(1818, 1616, 71),
(1819, 1721, 16),
(1820, 1607, 31),
(1821, 1711, 6),
(1822, 1685, 6),
(1823, 1641, 52),
(1824, 1690, 75),
(1825, 1622, 2),
(1826, 1720, 42),
(1827, 1601, 41),
(1828, 1712, 23),
(1829, 1716, 8),
(1830, 1626, 27),
(1831, 1634, 11),
(1832, 1739, 26),
(1833, 1685, 66),
(1834, 1619, 8),
(1835, 1655, 50),
(1836, 1677, 21),
(1837, 1675, 51),
(1838, 1756, 8),
(1839, 1723, 62),
(1840, 1617, 61),
(1841, 1703, 23),
(1842, 1697, 7),
(1843, 1615, 57),
(1844, 1638, 24),
(1845, 1653, 74),
(1846, 1660, 36),
(1847, 1616, 59),
(1848, 1741, 66),
(1849, 1660, 17),
(1850, 1642, 14),
(1851, 1681, 29),
(1852, 1733, 63),
(1853, 1653, 71),
(1854, 1606, 45),
(1855, 1701, 24),
(1856, 1697, 64),
(1857, 1660, 34),
(1858, 1627, 59),
(1859, 1663, 6),
(1860, 1734, 65),
(1861, 1726, 13),
(1862, 1683, 38),
(1863, 1600, 60),
(1864, 1606, 37),
(1865, 1653, 52),
(1866, 1682, 70),
(1867, 1699, 43),
(1868, 1706, 40),
(1869, 1728, 32),
(1870, 1670, 22),
(1871, 1737, 42),
(1872, 1711, 23),
(1873, 1731, 22),
(1874, 1736, 58),
(1875, 1635, 14),
(1876, 1670, 2),
(1877, 1672, 43),
(1878, 1658, 60),
(1879, 1649, 11),
(1880, 1756, 46),
(1881, 1700, 77),
(1882, 1649, 66),
(1883, 1617, 61),
(1884, 1662, 31),
(1885, 1721, 23),
(1886, 1602, 40),
(1887, 1684, 71),
(1888, 1679, 54),
(1889, 1721, 6),
(1890, 1720, 5),
(1891, 1625, 63),
(1892, 1668, 56),
(1893, 1691, 35),
(1894, 1681, 67),
(1895, 1626, 41),
(1896, 1734, 76),
(1897, 1750, 50),
(1898, 1603, 40),
(1899, 1668, 44),
(1900, 1664, 25),
(1901, 1715, 30),
(1902, 1639, 29),
(1903, 1699, 68),
(1904, 1725, 20),
(1905, 1669, 42),
(1906, 1703, 36),
(1907, 1728, 49),
(1908, 1635, 9),
(1909, 1661, 34),
(1910, 1615, 77),
(1911, 1756, 18),
(1912, 1681, 54),
(1913, 1602, 75),
(1914, 1621, 33),
(1915, 1756, 50),
(1916, 1743, 11),
(1917, 1738, 77),
(1918, 1713, 41),
(1919, 1618, 54),
(1920, 1690, 58),
(1921, 1699, 41),
(1922, 1625, 20),
(1923, 1613, 55),
(1924, 1647, 64),
(1925, 1672, 39),
(1926, 1688, 66),
(1927, 1698, 73),
(1928, 1648, 27),
(1929, 1653, 56),
(1930, 1697, 5),
(1931, 1642, 53),
(1932, 1755, 73),
(1933, 1732, 71),
(1934, 1713, 71),
(1935, 1750, 66),
(1936, 1718, 8),
(1937, 1665, 10),
(1938, 1633, 28),
(1939, 1752, 43),
(1940, 1636, 68),
(1941, 1683, 16),
(1942, 1632, 7),
(1943, 1710, 33),
(1944, 1650, 57),
(1945, 1624, 52),
(1946, 1666, 66),
(1947, 1607, 24),
(1948, 1617, 49),
(1949, 1677, 30),
(1950, 1694, 14),
(1951, 1687, 25),
(1952, 1672, 3),
(1953, 1699, 19),
(1954, 1739, 28),
(1955, 1610, 73),
(1956, 1635, 39),
(1957, 1731, 11),
(1958, 1665, 4),
(1959, 1751, 78),
(1960, 1753, 36),
(1961, 1687, 8),
(1962, 1608, 72),
(1963, 1661, 42),
(1964, 1715, 48),
(1965, 1716, 27),
(1966, 1725, 37),
(1967, 1627, 67),
(1968, 1705, 20),
(1969, 1668, 19),
(1970, 1723, 33),
(1971, 1739, 69),
(1972, 1703, 34),
(1973, 1755, 29),
(1974, 1608, 67),
(1975, 1640, 6),
(1976, 1613, 72),
(1977, 1640, 70),
(1978, 1680, 47),
(1979, 1670, 23),
(1980, 1665, 60),
(1981, 1747, 22),
(1982, 1757, 42),
(1983, 1734, 33),
(1984, 1707, 46),
(1985, 1740, 71),
(1986, 1689, 46),
(1987, 1664, 21),
(1988, 1712, 35),
(1989, 1729, 55),
(1990, 1634, 54),
(1991, 1660, 63),
(1992, 1634, 12),
(1993, 1728, 46),
(1994, 1704, 52),
(1995, 1642, 34),
(1996, 1640, 18),
(1997, 1647, 18),
(1998, 1746, 11),
(1999, 1704, 25),
(2000, 1692, 10),
(2001, 1736, 73),
(2002, 1662, 34),
(2003, 1626, 20),
(2004, 1646, 78),
(2005, 1705, 29),
(2006, 1666, 58),
(2007, 1708, 37),
(2008, 1601, 19),
(2009, 1716, 67),
(2010, 1648, 3),
(2011, 1606, 55),
(2012, 1679, 66),
(2013, 1626, 52),
(2014, 1756, 13),
(2015, 1723, 30),
(2016, 1748, 8),
(2017, 1732, 71),
(2018, 1703, 68),
(2019, 1706, 50),
(2020, 1738, 76),
(2021, 1674, 1),
(2022, 1756, 6),
(2023, 1644, 63),
(2024, 1734, 24),
(2025, 1668, 45),
(2026, 1731, 46),
(2027, 1707, 32),
(2028, 1626, 38),
(2029, 1627, 59),
(2030, 1703, 75),
(2031, 1615, 59),
(2032, 1725, 29),
(2033, 1653, 68),
(2034, 1609, 62),
(2035, 1714, 19),
(2036, 1669, 78),
(2037, 1747, 44),
(2038, 1739, 13),
(2039, 1646, 55),
(2040, 1717, 51),
(2041, 1730, 21),
(2042, 1696, 42),
(2043, 1629, 53),
(2044, 1724, 10),
(2045, 1674, 65),
(2046, 1678, 47),
(2047, 1653, 22),
(2048, 1616, 69),
(2049, 1652, 16),
(2050, 1723, 32),
(2051, 1757, 54),
(2052, 1738, 16),
(2053, 1705, 8),
(2054, 1746, 54),
(2055, 1652, 75),
(2056, 1749, 71),
(2057, 1656, 54),
(2058, 1616, 26),
(2059, 1651, 6),
(2060, 1736, 65),
(2061, 1756, 70),
(2062, 1632, 47),
(2063, 1728, 17),
(2064, 1601, 46),
(2065, 1734, 39),
(2066, 1660, 35),
(2067, 1639, 52),
(2068, 1633, 34),
(2069, 1601, 1),
(2070, 1677, 10),
(2071, 1628, 4),
(2072, 1747, 34),
(2073, 1635, 23),
(2074, 1647, 1),
(2075, 1729, 8),
(2076, 1675, 57),
(2077, 1742, 47),
(2078, 1748, 34),
(2079, 1697, 14),
(2080, 1692, 31),
(2081, 1664, 52),
(2082, 1724, 21),
(2083, 1696, 43),
(2084, 1620, 13),
(2085, 1620, 5),
(2086, 1726, 61),
(2087, 1707, 39),
(2088, 1645, 46),
(2089, 1736, 73),
(2090, 1625, 58),
(2091, 1721, 38),
(2092, 1613, 68),
(2093, 1664, 46),
(2094, 1619, 4),
(2095, 1670, 14),
(2096, 1735, 48),
(2097, 1624, 24),
(2098, 1659, 17),
(2099, 1715, 41),
(2100, 1601, 70),
(2101, 1713, 13),
(2102, 3148, 6),
(2103, 3371, 64),
(2104, 3619, 12),
(2105, 3029, 24),
(2106, 2301, 22),
(2107, 3669, 72),
(2108, 2513, 42),
(2109, 3296, 55),
(2110, 2903, 29),
(2111, 2691, 64),
(2112, 3101, 46),
(2113, 3213, 69),
(2114, 2009, 61),
(2115, 2679, 44),
(2116, 2512, 9),
(2117, 3613, 10),
(2118, 3641, 49),
(2119, 2582, 15),
(2120, 2544, 78),
(2121, 2679, 11),
(2122, 3173, 19),
(2123, 2331, 3),
(2124, 2945, 24),
(2125, 3387, 45),
(2126, 3562, 11),
(2127, 2486, 11),
(2128, 1878, 35),
(2129, 2565, 4),
(2130, 2661, 1),
(2131, 3498, 65),
(2132, 2027, 5),
(2133, 2053, 22),
(2134, 1907, 69),
(2135, 1768, 5),
(2136, 2197, 28),
(2137, 2308, 18),
(2138, 3006, 39),
(2139, 3388, 65),
(2140, 2435, 68),
(2141, 3413, 9),
(2142, 2098, 13),
(2143, 2178, 77),
(2144, 2526, 3),
(2145, 3665, 11),
(2146, 1796, 49),
(2147, 1766, 2),
(2148, 3630, 66),
(2149, 2352, 3),
(2150, 2594, 2),
(2151, 3466, 47),
(2152, 2033, 46),
(2153, 3345, 45),
(2154, 2652, 7),
(2155, 3207, 26),
(2156, 1995, 69),
(2157, 2145, 78),
(2158, 3369, 17),
(2159, 2340, 28),
(2160, 3495, 14),
(2161, 3385, 13),
(2162, 3374, 56),
(2163, 3453, 71),
(2164, 2284, 57),
(2165, 2364, 30),
(2166, 3364, 62),
(2167, 2596, 25),
(2168, 3223, 44),
(2169, 1849, 44),
(2170, 3146, 10),
(2171, 2916, 76),
(2172, 1998, 10),
(2173, 1775, 22),
(2174, 2649, 62),
(2175, 3594, 56),
(2176, 1798, 40),
(2177, 2001, 47),
(2178, 3202, 65),
(2179, 3255, 8),
(2180, 2150, 2),
(2181, 2361, 66),
(2182, 2866, 3),
(2183, 2870, 42),
(2184, 1762, 24),
(2185, 3142, 44),
(2186, 2334, 53),
(2187, 2753, 22),
(2188, 3456, 6),
(2189, 1837, 8),
(2190, 2136, 6),
(2191, 3127, 66),
(2192, 3618, 74),
(2193, 2784, 7),
(2194, 2046, 12),
(2195, 2643, 77),
(2196, 1886, 48),
(2197, 3599, 18),
(2198, 3290, 23),
(2199, 1944, 76),
(2200, 2186, 40),
(2201, 2383, 58),
(2202, 3514, 65),
(2203, 3284, 22),
(2204, 2036, 76),
(2205, 3291, 15),
(2206, 2620, 26),
(2207, 3024, 1),
(2208, 3688, 65),
(2209, 2474, 12),
(2210, 3196, 9),
(2211, 3685, 68),
(2212, 3170, 3),
(2213, 3660, 24),
(2214, 3025, 19),
(2215, 3642, 25),
(2216, 1902, 65),
(2217, 2255, 37),
(2218, 2002, 35),
(2219, 2916, 37),
(2220, 3172, 38),
(2221, 2946, 43),
(2222, 3350, 15),
(2223, 1810, 8),
(2224, 2770, 47),
(2225, 2160, 52),
(2226, 1786, 16),
(2227, 3452, 14),
(2228, 3590, 55),
(2229, 2066, 65),
(2230, 2751, 75),
(2231, 2276, 73),
(2232, 1882, 54),
(2233, 3048, 48),
(2234, 3672, 70),
(2235, 2690, 25),
(2236, 2718, 35),
(2237, 3094, 27),
(2238, 3201, 73),
(2239, 3107, 63),
(2240, 2388, 19),
(2241, 3112, 71),
(2242, 3465, 7),
(2243, 3054, 74),
(2244, 2866, 36),
(2245, 3409, 52),
(2246, 3441, 27),
(2247, 3424, 27),
(2248, 1786, 14),
(2249, 3331, 41),
(2250, 3186, 69),
(2251, 3290, 32),
(2252, 2320, 32),
(2253, 2558, 62),
(2254, 2340, 53),
(2255, 3218, 66),
(2256, 2072, 11),
(2257, 1940, 53),
(2258, 1770, 25),
(2259, 1905, 66),
(2260, 3158, 51),
(2261, 3031, 39),
(2262, 1958, 59),
(2263, 2582, 40),
(2264, 1834, 7),
(2265, 3556, 57),
(2266, 3346, 52),
(2267, 2695, 5),
(2268, 3076, 7),
(2269, 3051, 52),
(2270, 2047, 21),
(2271, 2502, 31),
(2272, 3512, 12),
(2273, 1765, 48),
(2274, 2831, 52),
(2275, 2444, 45),
(2276, 2934, 71),
(2277, 2496, 18),
(2278, 2320, 16),
(2279, 2536, 8),
(2280, 3105, 25),
(2281, 3247, 3),
(2282, 2559, 29),
(2283, 2776, 40),
(2284, 1934, 22),
(2285, 3289, 48),
(2286, 3602, 73),
(2287, 2196, 36),
(2288, 3664, 36),
(2289, 2376, 62),
(2290, 3604, 19),
(2291, 2172, 6),
(2292, 2496, 15),
(2293, 2651, 20),
(2294, 2987, 47),
(2295, 2173, 33),
(2296, 2051, 29),
(2297, 2974, 38),
(2298, 3636, 38),
(2299, 2182, 66),
(2300, 1767, 68),
(2301, 1879, 23),
(2302, 3672, 66),
(2303, 2552, 6),
(2304, 3210, 37),
(2305, 3118, 53),
(2306, 2601, 59),
(2307, 2985, 46),
(2308, 2219, 75),
(2309, 3151, 17),
(2310, 2565, 57),
(2311, 3564, 69),
(2312, 2232, 11),
(2313, 2483, 41),
(2314, 3446, 58),
(2315, 1905, 33),
(2316, 2206, 55),
(2317, 3492, 65),
(2318, 3323, 20),
(2319, 2836, 76),
(2320, 1796, 31),
(2321, 2292, 53),
(2322, 3658, 15),
(2323, 2129, 23),
(2324, 2034, 65),
(2325, 2524, 25),
(2326, 2376, 47),
(2327, 2386, 6),
(2328, 1922, 37),
(2329, 2443, 9),
(2330, 2556, 57),
(2331, 2371, 56),
(2332, 1779, 67),
(2333, 2559, 6),
(2334, 2908, 44),
(2335, 2687, 61),
(2336, 2576, 17),
(2337, 2790, 58),
(2338, 2115, 61),
(2339, 2279, 5),
(2340, 1785, 60),
(2341, 2649, 2),
(2342, 2373, 41),
(2343, 3662, 14),
(2344, 1934, 65),
(2345, 2547, 48),
(2346, 2354, 62),
(2347, 2872, 18),
(2348, 2967, 45),
(2349, 1895, 9),
(2350, 2603, 22),
(2351, 3022, 36),
(2352, 2359, 11),
(2353, 3240, 11),
(2354, 3499, 47),
(2355, 2351, 50),
(2356, 2830, 54),
(2357, 1840, 20),
(2358, 2019, 43),
(2359, 2412, 65),
(2360, 3095, 36),
(2361, 2456, 31),
(2362, 3459, 32),
(2363, 1788, 43),
(2364, 2167, 26),
(2365, 2681, 70),
(2366, 2364, 35),
(2367, 2688, 33),
(2368, 3662, 7),
(2369, 3211, 75),
(2370, 3210, 70),
(2371, 3531, 56),
(2372, 2248, 30),
(2373, 2008, 37),
(2374, 2870, 35),
(2375, 2291, 53),
(2376, 2635, 77),
(2377, 2576, 39),
(2378, 3152, 41),
(2379, 2391, 74),
(2380, 2033, 26),
(2381, 2692, 24),
(2382, 2965, 19),
(2383, 2764, 47),
(2384, 1770, 75),
(2385, 1917, 61),
(2386, 3401, 5),
(2387, 2576, 29),
(2388, 3179, 47),
(2389, 3510, 44),
(2390, 3178, 45),
(2391, 2657, 60),
(2392, 1828, 31),
(2393, 3568, 58),
(2394, 3075, 51),
(2395, 3560, 11),
(2396, 3411, 48),
(2397, 3638, 21),
(2398, 2934, 66),
(2399, 3276, 26),
(2400, 1868, 75),
(2401, 2493, 56),
(2402, 2554, 16),
(2403, 3188, 54),
(2404, 2610, 41),
(2405, 3397, 71),
(2406, 2137, 33),
(2407, 3542, 75),
(2408, 3233, 16),
(2409, 2148, 18),
(2410, 2986, 46),
(2411, 3640, 18),
(2412, 3275, 2),
(2413, 3651, 17),
(2414, 2695, 21),
(2415, 2556, 36),
(2416, 2481, 15),
(2417, 2676, 57),
(2418, 2973, 75),
(2419, 2221, 9),
(2420, 3393, 11),
(2421, 2872, 42),
(2422, 3079, 57),
(2423, 3645, 24),
(2424, 2067, 71),
(2425, 2282, 18),
(2426, 3386, 46),
(2427, 3427, 45),
(2428, 2071, 72),
(2429, 2180, 47),
(2430, 2938, 14),
(2431, 2677, 49),
(2432, 2352, 63),
(2433, 2295, 75),
(2434, 2428, 17),
(2435, 2931, 3),
(2436, 3171, 78),
(2437, 3003, 23),
(2438, 3220, 35),
(2439, 2931, 36),
(2440, 2969, 27),
(2441, 2455, 33),
(2442, 2396, 71),
(2443, 3399, 19),
(2444, 2372, 29),
(2445, 2984, 67),
(2446, 3698, 29),
(2447, 3112, 13),
(2448, 3528, 59),
(2449, 2861, 17),
(2450, 3699, 44),
(2451, 3408, 36),
(2452, 3064, 1),
(2453, 3310, 11),
(2454, 1885, 66),
(2455, 3599, 68),
(2456, 2235, 32),
(2457, 1903, 73),
(2458, 3457, 41),
(2459, 3099, 23),
(2460, 2698, 31),
(2461, 3403, 5),
(2462, 2104, 75),
(2463, 2675, 16),
(2464, 3391, 58),
(2465, 2901, 20),
(2466, 2509, 31),
(2467, 2096, 62),
(2468, 2368, 73),
(2469, 2746, 14),
(2470, 3417, 70),
(2471, 2278, 17),
(2472, 2462, 65),
(2473, 2826, 45),
(2474, 1885, 14),
(2475, 3369, 78),
(2476, 1912, 38),
(2477, 2809, 48),
(2478, 1853, 5),
(2479, 3678, 26),
(2480, 2222, 31),
(2481, 2023, 32),
(2482, 3477, 77),
(2483, 2270, 19),
(2484, 3444, 26),
(2485, 2691, 1),
(2486, 2542, 72),
(2487, 2775, 56),
(2488, 3694, 1),
(2489, 3175, 52),
(2490, 2769, 78),
(2491, 2027, 7),
(2492, 2909, 28),
(2493, 2162, 24),
(2494, 2774, 26),
(2495, 2855, 67),
(2496, 3363, 78),
(2497, 3466, 19),
(2498, 2321, 45),
(2499, 3442, 20),
(2500, 2847, 45),
(2501, 3220, 77),
(2502, 3065, 18),
(2503, 2930, 60),
(2504, 2919, 29),
(2505, 3431, 24),
(2506, 3505, 42),
(2507, 3133, 1),
(2508, 3363, 24),
(2509, 2967, 8),
(2510, 2459, 5),
(2511, 3444, 38),
(2512, 3449, 9),
(2513, 2205, 24),
(2514, 3665, 47),
(2515, 3154, 33),
(2516, 3238, 8),
(2517, 2533, 7),
(2518, 2434, 33),
(2519, 1856, 36),
(2520, 2708, 62),
(2521, 2219, 33),
(2522, 2659, 56),
(2523, 3446, 20),
(2524, 1770, 77),
(2525, 3238, 59),
(2526, 2990, 24),
(2527, 3440, 19),
(2528, 2170, 7),
(2529, 2673, 75),
(2530, 2253, 9),
(2531, 3081, 57),
(2532, 2412, 38),
(2533, 3127, 2),
(2534, 2370, 53),
(2535, 3525, 72),
(2536, 2785, 19),
(2537, 2677, 69),
(2538, 2499, 75),
(2539, 3166, 45),
(2540, 3502, 68),
(2541, 2392, 44),
(2542, 2227, 54),
(2543, 2924, 26),
(2544, 2517, 78),
(2545, 1821, 12),
(2546, 2296, 21),
(2547, 2269, 51),
(2548, 2418, 29),
(2549, 1942, 56),
(2550, 2921, 15),
(2551, 2661, 8),
(2552, 3265, 55),
(2553, 3455, 11),
(2554, 3239, 76),
(2555, 2969, 77),
(2556, 2563, 25),
(2557, 3308, 71),
(2558, 3269, 57),
(2559, 1883, 71),
(2560, 2097, 70),
(2561, 2569, 51),
(2562, 3616, 74),
(2563, 2410, 20),
(2564, 2528, 32),
(2565, 2237, 59),
(2566, 2401, 16),
(2567, 2745, 30),
(2568, 3539, 74),
(2569, 2467, 66),
(2570, 1856, 57),
(2571, 3265, 23),
(2572, 1802, 45),
(2573, 3178, 75),
(2574, 2929, 52),
(2575, 3130, 53),
(2576, 3384, 4),
(2577, 3183, 54),
(2578, 3670, 54),
(2579, 2202, 43),
(2580, 2105, 19),
(2581, 3490, 22),
(2582, 2248, 8),
(2583, 3622, 60),
(2584, 3543, 48),
(2585, 2689, 10),
(2586, 1888, 18),
(2587, 3361, 9),
(2588, 2631, 69),
(2589, 2722, 48),
(2590, 3500, 8),
(2591, 1773, 29),
(2592, 2098, 78),
(2593, 3537, 45),
(2594, 3001, 3),
(2595, 2306, 37),
(2596, 1855, 77),
(2597, 2211, 39),
(2598, 1842, 48),
(2599, 2845, 4),
(2600, 3627, 42),
(2601, 2118, 45),
(2602, 3525, 32),
(2603, 3569, 73),
(2604, 3333, 44),
(2605, 2508, 74),
(2606, 2510, 36),
(2607, 2717, 36),
(2608, 2458, 15),
(2609, 1929, 36),
(2610, 1889, 5),
(2611, 3636, 48),
(2612, 2663, 63),
(2613, 2007, 13),
(2614, 3290, 8),
(2615, 3071, 77),
(2616, 3234, 26),
(2617, 3309, 37),
(2618, 2734, 35),
(2619, 2435, 34),
(2620, 2467, 5),
(2621, 2638, 20),
(2622, 3018, 42),
(2623, 2931, 47),
(2624, 3431, 69),
(2625, 2975, 26),
(2626, 2142, 1),
(2627, 2551, 32),
(2628, 1959, 10),
(2629, 2441, 1),
(2630, 2015, 70),
(2631, 2779, 64),
(2632, 2415, 25),
(2633, 2722, 39),
(2634, 1823, 2),
(2635, 2941, 42),
(2636, 2500, 76),
(2637, 2959, 35),
(2638, 2426, 53),
(2639, 3309, 20),
(2640, 2403, 23),
(2641, 2846, 18),
(2642, 2181, 38),
(2643, 2526, 56),
(2644, 1891, 61),
(2645, 2808, 50),
(2646, 2411, 56),
(2647, 2827, 46),
(2648, 1813, 6),
(2649, 3084, 53),
(2650, 3554, 20),
(2651, 3079, 59),
(2652, 3125, 31),
(2653, 3087, 7),
(2654, 2933, 67),
(2655, 1914, 32),
(2656, 2985, 18),
(2657, 1828, 31),
(2658, 3302, 69),
(2659, 3511, 39),
(2660, 1941, 25),
(2661, 3185, 33),
(2662, 3611, 52),
(2663, 2683, 16),
(2664, 2366, 45),
(2665, 1945, 16),
(2666, 3424, 36),
(2667, 3329, 39),
(2668, 1827, 67),
(2669, 3187, 6),
(2670, 3046, 35),
(2671, 2412, 46),
(2672, 2094, 46),
(2673, 2039, 15),
(2674, 2070, 77),
(2675, 3357, 57),
(2676, 2139, 8),
(2677, 3060, 34),
(2678, 3385, 76),
(2679, 3477, 60),
(2680, 2717, 38),
(2681, 2221, 15),
(2682, 2790, 62),
(2683, 3690, 44),
(2684, 3217, 63),
(2685, 3302, 52),
(2686, 3343, 44),
(2687, 3386, 30),
(2688, 3634, 52),
(2689, 3023, 31),
(2690, 2247, 20),
(2691, 2344, 73),
(2692, 2569, 28),
(2693, 2651, 57),
(2694, 3521, 27),
(2695, 2585, 28),
(2696, 2186, 61),
(2697, 3596, 24),
(2698, 2189, 27),
(2699, 2469, 19),
(2700, 3110, 66),
(2701, 2053, 9),
(2702, 1855, 67),
(2703, 2152, 75),
(2704, 2052, 17),
(2705, 3117, 8),
(2706, 1818, 39),
(2707, 3089, 23),
(2708, 2156, 34),
(2709, 2607, 37),
(2710, 2266, 72),
(2711, 2093, 21),
(2712, 2265, 45),
(2713, 3001, 65),
(2714, 2451, 12),
(2715, 3110, 24),
(2716, 2007, 48),
(2717, 2198, 15),
(2718, 2033, 15),
(2719, 1861, 72),
(2720, 3173, 62),
(2721, 2731, 21),
(2722, 3006, 64),
(2723, 3340, 20),
(2724, 2602, 33),
(2725, 3416, 78),
(2726, 3121, 31),
(2727, 2921, 23),
(2728, 3174, 38),
(2729, 2276, 17),
(2730, 2647, 78),
(2731, 2049, 44),
(2732, 3309, 9),
(2733, 1973, 17),
(2734, 3575, 13),
(2735, 3657, 11),
(2736, 3611, 13),
(2737, 2866, 68),
(2738, 3255, 15),
(2739, 3584, 77),
(2740, 1942, 28),
(2741, 2988, 73),
(2742, 3435, 58),
(2743, 3002, 19),
(2744, 3187, 10),
(2745, 2560, 15),
(2746, 2896, 4),
(2747, 3697, 22),
(2748, 2459, 36),
(2749, 3154, 27),
(2750, 3074, 62),
(2751, 2882, 69),
(2752, 3090, 37),
(2753, 3483, 73),
(2754, 2727, 41),
(2755, 2689, 21),
(2756, 2005, 21),
(2757, 3558, 5),
(2758, 3301, 49),
(2759, 2575, 32),
(2760, 2836, 34),
(2761, 2660, 32),
(2762, 3125, 13),
(2763, 2773, 7),
(2764, 2059, 49),
(2765, 3166, 66),
(2766, 2476, 54),
(2767, 3128, 47),
(2768, 3536, 20),
(2769, 1867, 47),
(2770, 1915, 56),
(2771, 3503, 42),
(2772, 3296, 48),
(2773, 2785, 51),
(2774, 2748, 5),
(2775, 1784, 4),
(2776, 2552, 58),
(2777, 2660, 78),
(2778, 2887, 45),
(2779, 2219, 21),
(2780, 2977, 8),
(2781, 2684, 74),
(2782, 3688, 17),
(2783, 3583, 16),
(2784, 2746, 31),
(2785, 2030, 11),
(2786, 1843, 37),
(2787, 2575, 14),
(2788, 1913, 13),
(2789, 3319, 19),
(2790, 2915, 33),
(2791, 3262, 47),
(2792, 2520, 68),
(2793, 3434, 37),
(2794, 3059, 70),
(2795, 2840, 24),
(2796, 2440, 4),
(2797, 2860, 70),
(2798, 2761, 22),
(2799, 3601, 65),
(2800, 3458, 5),
(2801, 2164, 43),
(2802, 2570, 13),
(2803, 3377, 4),
(2804, 2878, 20),
(2805, 1788, 25),
(2806, 3011, 49),
(2807, 1940, 66),
(2808, 3639, 1),
(2809, 2310, 34),
(2810, 3665, 57),
(2811, 2157, 55),
(2812, 1886, 58),
(2813, 2890, 53),
(2814, 2066, 69),
(2815, 2191, 56),
(2816, 3313, 14),
(2817, 3400, 62),
(2818, 2643, 28),
(2819, 2425, 78),
(2820, 1767, 4),
(2821, 3659, 16),
(2822, 1951, 60),
(2823, 2882, 42),
(2824, 2976, 7),
(2825, 3656, 73),
(2826, 3224, 27),
(2827, 1783, 54),
(2828, 2425, 28),
(2829, 3012, 17),
(2830, 1842, 5),
(2831, 2544, 65),
(2832, 2767, 24),
(2833, 1973, 27),
(2834, 3521, 76),
(2835, 3612, 23),
(2836, 1926, 60),
(2837, 3378, 76),
(2838, 3089, 72),
(2839, 2025, 51),
(2840, 1963, 19),
(2841, 2570, 2),
(2842, 2008, 36),
(2843, 3260, 55),
(2844, 3240, 75),
(2845, 1898, 24),
(2846, 3071, 19),
(2847, 2271, 16),
(2848, 3043, 64),
(2849, 2413, 13),
(2850, 3666, 8),
(2851, 2940, 20),
(2852, 2999, 38),
(2853, 2702, 72),
(2854, 1936, 58),
(2855, 3234, 8),
(2856, 1972, 30),
(2857, 2889, 11),
(2858, 2864, 62),
(2859, 2652, 54),
(2860, 2785, 61),
(2861, 2045, 6),
(2862, 2406, 19),
(2863, 1996, 44),
(2864, 3458, 18),
(2865, 2285, 16),
(2866, 2333, 8),
(2867, 1965, 27),
(2868, 2437, 26),
(2869, 2955, 31),
(2870, 2229, 28),
(2871, 2493, 63),
(2872, 3470, 76),
(2873, 3089, 41),
(2874, 2824, 6),
(2875, 2410, 7),
(2876, 2059, 57),
(2877, 3361, 23),
(2878, 1965, 45),
(2879, 1795, 69),
(2880, 1776, 64),
(2881, 2364, 32),
(2882, 2235, 44),
(2883, 2168, 24),
(2884, 2776, 66),
(2885, 1901, 6),
(2886, 3504, 39),
(2887, 3682, 77),
(2888, 2379, 64),
(2889, 3102, 12),
(2890, 3351, 4),
(2891, 3226, 55),
(2892, 2883, 74),
(2893, 3432, 31),
(2894, 2210, 71),
(2895, 2476, 67),
(2896, 3282, 4),
(2897, 2047, 71),
(2898, 2513, 13),
(2899, 1920, 44),
(2900, 2399, 31),
(2901, 2900, 18),
(2902, 2805, 16),
(2903, 2351, 78),
(2904, 2457, 57),
(2905, 3532, 26),
(2906, 1788, 32),
(2907, 3420, 20),
(2908, 3006, 34),
(2909, 3443, 67),
(2910, 3371, 65),
(2911, 2571, 29),
(2912, 3066, 59),
(2913, 2978, 70),
(2914, 3530, 67),
(2915, 2346, 13),
(2916, 3307, 22),
(2917, 3097, 4),
(2918, 2697, 76),
(2919, 2857, 36),
(2920, 1787, 47),
(2921, 2059, 47),
(2922, 2351, 38),
(2923, 2922, 29),
(2924, 2471, 60),
(2925, 3444, 55),
(2926, 3658, 72),
(2927, 3254, 25),
(2928, 3110, 76),
(2929, 2887, 63),
(2930, 3124, 57),
(2931, 2759, 41),
(2932, 2150, 56),
(2933, 3605, 1),
(2934, 2215, 16),
(2935, 2444, 11),
(2936, 2463, 74),
(2937, 2004, 33),
(2938, 3195, 43),
(2939, 2875, 9),
(2940, 3089, 29),
(2941, 2477, 44),
(2942, 3127, 24),
(2943, 2365, 77),
(2944, 2468, 12),
(2945, 3020, 22),
(2946, 2863, 41),
(2947, 2321, 34),
(2948, 1779, 32),
(2949, 2522, 74),
(2950, 3092, 8),
(2951, 3343, 47),
(2952, 1941, 24),
(2953, 1772, 57),
(2954, 3652, 12),
(2955, 2965, 62),
(2956, 1887, 53),
(2957, 3343, 76),
(2958, 3030, 57),
(2959, 3310, 20),
(2960, 2922, 46),
(2961, 2693, 73),
(2962, 2641, 45),
(2963, 2566, 64),
(2964, 2521, 74),
(2965, 2953, 33),
(2966, 2921, 24),
(2967, 2505, 68),
(2968, 3016, 60),
(2969, 3221, 21),
(2970, 3471, 40),
(2971, 2267, 23),
(2972, 3087, 21),
(2973, 3240, 41),
(2974, 2189, 66),
(2975, 2886, 67),
(2976, 3116, 48),
(2977, 2029, 19),
(2978, 2547, 8),
(2979, 1939, 17),
(2980, 3686, 35),
(2981, 2410, 42),
(2982, 1939, 52),
(2983, 2884, 38),
(2984, 3688, 58),
(2985, 2405, 58),
(2986, 3089, 4),
(2987, 3455, 8),
(2988, 3102, 41),
(2989, 3480, 11),
(2990, 3575, 27),
(2991, 3343, 68),
(2992, 3698, 25),
(2993, 3529, 7),
(2994, 2947, 51),
(2995, 2861, 6),
(2996, 2952, 3),
(2997, 3685, 73),
(2998, 1939, 27),
(2999, 2604, 21),
(3000, 3681, 48),
(3001, 3189, 68),
(3002, 3120, 39),
(3003, 2294, 23),
(3004, 2562, 52),
(3005, 1906, 56),
(3006, 2889, 50),
(3007, 2831, 34),
(3008, 3142, 9),
(3009, 1853, 33),
(3010, 2740, 47),
(3011, 3699, 61),
(3012, 2064, 33),
(3013, 2843, 43),
(3014, 1925, 7),
(3015, 2088, 9),
(3016, 1946, 62),
(3017, 2520, 64),
(3018, 1953, 5),
(3019, 3239, 25),
(3020, 2664, 51),
(3021, 3072, 75),
(3022, 3685, 36),
(3023, 2814, 15),
(3024, 2557, 46),
(3025, 2517, 51),
(3026, 2035, 76),
(3027, 3124, 13),
(3028, 2278, 44),
(3029, 3173, 3),
(3030, 2286, 78),
(3031, 2027, 71),
(3032, 2038, 55),
(3033, 2005, 14),
(3034, 1816, 22),
(3035, 2843, 60),
(3036, 2579, 1),
(3037, 2947, 54),
(3038, 3035, 26),
(3039, 2491, 15),
(3040, 3571, 38),
(3041, 1814, 67),
(3042, 2575, 4),
(3043, 3628, 70),
(3044, 3334, 46),
(3045, 3090, 47),
(3046, 1788, 61),
(3047, 1964, 25),
(3048, 3410, 60),
(3049, 2090, 47),
(3050, 3056, 3),
(3051, 3569, 43),
(3052, 3641, 15),
(3053, 3689, 58),
(3054, 3333, 25),
(3055, 3429, 20),
(3056, 3257, 71),
(3057, 3618, 21),
(3058, 2783, 63),
(3059, 3428, 25),
(3060, 1844, 6),
(3061, 2574, 57),
(3062, 2045, 25),
(3063, 2092, 9),
(3064, 2511, 55),
(3065, 2881, 28),
(3066, 3087, 22),
(3067, 2009, 22),
(3068, 3205, 24),
(3069, 3594, 61),
(3070, 2793, 28),
(3071, 2938, 35),
(3072, 2549, 48),
(3073, 2346, 54),
(3074, 2579, 75),
(3075, 3677, 12),
(3076, 2376, 77),
(3077, 2876, 69),
(3078, 2277, 7),
(3079, 2949, 72),
(3080, 2703, 1),
(3081, 1890, 72),
(3082, 2538, 52),
(3083, 2301, 38),
(3084, 1825, 54),
(3085, 2837, 31),
(3086, 3447, 77),
(3087, 1881, 46),
(3088, 1888, 17),
(3089, 2839, 77),
(3090, 2571, 35),
(3091, 3500, 20),
(3092, 2897, 49),
(3093, 3559, 45),
(3094, 2630, 23),
(3095, 2841, 14),
(3096, 2791, 30),
(3097, 2176, 51),
(3098, 1834, 77),
(3099, 3013, 35),
(3100, 2391, 4),
(3101, 3078, 1),
(3102, 2994, 36),
(3103, 1802, 65),
(3104, 3051, 52),
(3105, 2736, 75),
(3106, 2722, 49),
(3107, 1908, 23),
(3108, 2948, 50),
(3109, 3120, 22),
(3110, 3114, 9),
(3111, 2912, 42),
(3112, 3016, 49),
(3113, 2296, 9),
(3114, 3259, 2),
(3115, 3222, 26),
(3116, 2670, 23),
(3117, 2293, 61),
(3118, 2767, 53),
(3119, 3565, 73),
(3120, 2945, 23),
(3121, 3256, 38),
(3122, 2958, 56),
(3123, 2681, 8),
(3124, 2847, 31),
(3125, 2008, 70),
(3126, 2221, 15),
(3127, 2259, 35),
(3128, 1910, 6),
(3129, 3413, 59),
(3130, 3498, 65),
(3131, 2692, 31),
(3132, 1918, 68),
(3133, 2529, 62),
(3134, 2864, 8),
(3135, 2944, 21),
(3136, 3457, 58),
(3137, 3128, 61),
(3138, 1987, 48),
(3139, 3690, 26),
(3140, 2005, 68),
(3141, 2121, 20),
(3142, 3167, 21),
(3143, 3284, 72),
(3144, 3581, 22),
(3145, 2286, 57),
(3146, 2646, 54),
(3147, 3530, 36),
(3148, 1892, 52),
(3149, 2765, 36),
(3150, 3668, 17),
(3151, 3472, 71),
(3152, 3165, 19),
(3153, 2584, 1),
(3154, 3678, 54),
(3155, 3120, 23),
(3156, 2495, 5),
(3157, 3226, 65),
(3158, 3099, 5),
(3159, 3539, 70),
(3160, 2115, 21),
(3161, 2579, 67),
(3162, 2543, 16),
(3163, 3085, 60),
(3164, 2514, 16),
(3165, 2857, 28),
(3166, 1776, 67),
(3167, 2618, 23),
(3168, 2905, 11),
(3169, 2127, 18),
(3170, 3168, 53),
(3171, 2161, 70),
(3172, 2530, 53),
(3173, 3171, 34),
(3174, 1924, 32),
(3175, 2876, 56),
(3176, 3377, 51),
(3177, 3547, 44),
(3178, 2344, 53),
(3179, 2945, 33),
(3180, 1777, 33),
(3181, 2589, 52),
(3182, 2761, 59),
(3183, 2578, 61),
(3184, 2463, 2),
(3185, 2131, 9),
(3186, 2159, 29),
(3187, 2086, 36),
(3188, 3290, 63),
(3189, 2968, 21),
(3190, 3006, 7),
(3191, 2408, 43),
(3192, 3346, 38),
(3193, 2081, 27),
(3194, 2440, 38),
(3195, 3283, 20),
(3196, 3376, 65),
(3197, 2084, 22),
(3198, 3639, 35),
(3199, 2716, 29),
(3200, 3396, 7),
(3201, 3667, 63),
(3202, 2531, 3),
(3203, 1838, 65),
(3204, 2171, 4),
(3205, 3027, 15),
(3206, 3191, 21),
(3207, 2896, 2),
(3208, 2245, 19),
(3209, 3241, 12),
(3210, 2334, 14),
(3211, 2083, 67),
(3212, 3279, 49);
INSERT INTO `glosy` (`id_glosu`, `id_ucznia`, `id_kandydata`) VALUES
(3213, 3525, 12),
(3214, 3156, 24),
(3215, 3624, 22),
(3216, 2713, 22),
(3217, 2530, 22),
(3218, 3479, 59),
(3219, 2115, 64),
(3220, 3329, 64),
(3221, 3486, 49),
(3222, 2985, 13),
(3223, 3532, 77),
(3224, 1902, 9),
(3225, 3675, 60),
(3226, 2478, 20),
(3227, 2669, 62),
(3228, 2173, 49),
(3229, 2496, 12),
(3230, 3046, 66),
(3231, 3211, 30),
(3232, 2064, 9),
(3233, 3456, 68),
(3234, 2152, 56),
(3235, 3403, 72),
(3236, 1842, 25),
(3237, 3642, 76),
(3238, 3402, 41),
(3239, 2330, 33),
(3240, 2175, 7),
(3241, 3110, 10),
(3242, 2984, 19),
(3243, 3109, 54),
(3244, 2521, 15),
(3245, 2214, 73),
(3246, 2278, 6),
(3247, 2581, 56),
(3248, 2046, 17),
(3249, 2004, 42),
(3250, 3258, 27),
(3251, 1868, 35),
(3252, 3189, 75),
(3253, 3338, 21),
(3254, 3660, 9),
(3255, 3364, 2),
(3256, 2625, 60),
(3257, 2718, 78),
(3258, 2273, 59),
(3259, 2947, 64),
(3260, 1817, 63),
(3261, 2841, 20),
(3262, 3338, 48),
(3263, 3620, 24),
(3264, 2829, 31),
(3265, 2704, 14),
(3266, 3350, 5),
(3267, 2894, 61),
(3268, 2824, 21),
(3269, 2633, 10),
(3270, 1908, 46),
(3271, 1910, 6),
(3272, 3116, 33),
(3273, 2759, 51),
(3274, 2070, 12),
(3275, 1915, 77),
(3276, 3597, 39),
(3277, 3165, 15),
(3278, 2758, 59),
(3279, 3671, 63),
(3280, 2618, 16),
(3281, 1953, 54),
(3282, 2701, 44),
(3283, 2886, 27),
(3284, 2525, 21),
(3285, 2584, 22),
(3286, 3415, 34),
(3287, 2989, 69),
(3288, 2764, 47),
(3289, 3547, 57),
(3290, 3391, 32),
(3291, 3398, 69),
(3292, 3630, 73),
(3293, 3019, 72),
(3294, 3023, 60),
(3295, 2926, 63),
(3296, 2367, 25),
(3297, 3565, 39),
(3298, 1905, 27),
(3299, 1998, 72),
(3300, 3195, 14),
(3301, 2570, 17),
(3302, 2263, 55),
(3303, 2360, 71),
(3304, 2482, 32),
(3305, 2454, 26),
(3306, 3613, 19),
(3307, 1905, 29),
(3308, 3321, 39),
(3309, 2620, 61),
(3310, 2541, 7),
(3311, 3495, 14),
(3312, 3679, 18),
(3313, 3120, 3),
(3314, 2849, 19),
(3315, 2371, 17),
(3316, 1976, 26),
(3317, 2209, 71),
(3318, 3335, 43),
(3319, 2545, 55),
(3320, 3131, 27),
(3321, 2001, 10),
(3322, 3544, 3),
(3323, 2831, 13),
(3324, 3676, 45),
(3325, 2146, 34),
(3326, 1969, 10),
(3327, 2917, 46),
(3328, 3470, 42),
(3329, 2440, 3),
(3330, 2616, 21),
(3331, 2585, 62),
(3332, 3209, 58),
(3333, 2957, 64),
(3334, 2733, 24),
(3335, 3080, 7),
(3336, 2127, 77),
(3337, 3419, 1),
(3338, 3215, 12),
(3339, 3599, 32),
(3340, 2739, 25),
(3341, 2461, 65),
(3342, 2125, 51),
(3343, 2691, 54),
(3344, 3345, 11),
(3345, 3398, 43),
(3346, 2565, 35),
(3347, 3316, 31),
(3348, 2265, 46),
(3349, 3309, 47),
(3350, 3515, 4),
(3351, 1947, 43),
(3352, 2625, 26),
(3353, 2010, 42),
(3354, 2772, 56),
(3355, 3005, 39),
(3356, 2899, 19),
(3357, 3481, 15),
(3358, 2989, 36),
(3359, 2776, 7),
(3360, 2292, 25),
(3361, 2061, 27),
(3362, 1859, 73),
(3363, 3498, 18),
(3364, 2634, 27),
(3365, 2559, 19),
(3366, 2964, 47),
(3367, 2017, 2),
(3368, 1864, 61),
(3369, 1769, 19),
(3370, 2730, 77),
(3371, 3229, 54),
(3372, 3102, 21),
(3373, 1809, 75),
(3374, 3363, 60),
(3375, 2053, 8),
(3376, 3644, 63),
(3377, 3490, 12),
(3378, 3608, 76),
(3379, 1793, 45),
(3380, 1845, 17),
(3381, 2617, 43),
(3382, 1944, 24),
(3383, 3003, 21),
(3384, 3102, 39),
(3385, 2808, 69),
(3386, 2111, 65),
(3387, 2253, 55),
(3388, 3069, 76),
(3389, 2349, 11),
(3390, 1940, 36),
(3391, 3274, 60),
(3392, 2626, 47),
(3393, 1818, 22),
(3394, 2593, 60),
(3395, 1938, 75),
(3396, 1837, 49),
(3397, 3573, 13),
(3398, 2410, 28),
(3399, 3485, 7),
(3400, 2199, 2),
(3401, 1893, 10),
(3402, 1935, 55),
(3403, 3027, 1),
(3404, 3209, 67),
(3405, 2752, 44),
(3406, 1847, 51),
(3407, 1919, 58),
(3408, 3522, 74),
(3409, 2938, 61),
(3410, 2441, 18),
(3411, 3162, 66),
(3412, 3291, 1),
(3413, 1871, 43),
(3414, 2323, 43),
(3415, 2307, 74),
(3416, 3446, 35),
(3417, 2162, 46),
(3418, 2994, 40),
(3419, 3425, 57),
(3420, 3617, 19),
(3421, 3341, 59),
(3422, 3104, 55),
(3423, 2534, 42),
(3424, 2287, 77),
(3425, 3459, 11),
(3426, 2572, 10),
(3427, 2322, 20),
(3428, 2124, 47),
(3429, 2350, 30),
(3430, 2222, 20),
(3431, 2897, 66),
(3432, 3130, 5),
(3433, 3457, 74),
(3434, 3428, 50),
(3435, 2018, 68),
(3436, 1988, 32),
(3437, 2706, 10),
(3438, 1994, 10),
(3439, 1912, 13),
(3440, 3135, 4),
(3441, 2188, 20),
(3442, 2155, 15),
(3443, 3516, 72),
(3444, 3167, 29),
(3445, 2495, 30),
(3446, 1991, 59),
(3447, 1770, 4),
(3448, 3685, 31),
(3449, 2505, 10),
(3450, 2971, 52),
(3451, 3505, 40),
(3452, 1992, 53),
(3453, 1852, 35),
(3454, 2305, 25),
(3455, 3597, 49),
(3456, 3470, 56),
(3457, 1961, 29),
(3458, 2508, 47),
(3459, 2911, 45),
(3460, 3286, 46),
(3461, 3553, 56),
(3462, 3656, 4),
(3463, 3625, 6),
(3464, 3504, 9),
(3465, 1937, 60),
(3466, 2075, 73),
(3467, 2486, 59),
(3468, 3255, 17),
(3469, 2516, 51),
(3470, 2077, 64),
(3471, 2703, 31),
(3472, 3478, 51),
(3473, 2468, 4),
(3474, 3558, 61),
(3475, 3506, 14),
(3476, 2606, 57),
(3477, 3376, 3),
(3478, 2862, 76),
(3479, 2252, 54),
(3480, 2147, 63),
(3481, 1933, 74),
(3482, 3212, 63),
(3483, 3049, 1),
(3484, 3392, 53),
(3485, 1771, 5),
(3486, 2625, 14),
(3487, 2880, 69),
(3488, 3063, 72),
(3489, 3255, 49),
(3490, 2202, 13),
(3491, 3570, 34),
(3492, 2294, 39),
(3493, 2817, 41),
(3494, 2389, 74),
(3495, 1878, 62),
(3496, 3405, 12),
(3497, 3689, 20),
(3498, 2206, 9),
(3499, 3041, 49),
(3500, 3596, 40),
(3501, 3352, 34),
(3502, 2622, 15),
(3503, 3381, 35),
(3504, 3035, 32),
(3505, 2285, 29),
(3506, 2779, 12),
(3507, 2272, 65),
(3508, 3346, 19),
(3509, 2603, 11),
(3510, 2621, 37),
(3511, 2294, 43),
(3512, 2471, 39),
(3513, 3676, 12),
(3514, 2643, 28),
(3515, 3184, 17),
(3516, 3469, 34),
(3517, 1807, 9),
(3518, 3376, 46),
(3519, 3546, 62),
(3520, 3204, 19),
(3521, 2708, 41),
(3522, 3373, 31),
(3523, 2054, 6),
(3524, 2369, 60),
(3525, 2941, 35),
(3526, 2810, 73),
(3527, 2154, 35),
(3528, 3599, 5),
(3529, 3119, 41),
(3530, 1817, 41),
(3531, 2224, 26),
(3532, 2610, 15),
(3533, 2241, 24),
(3534, 2286, 18),
(3535, 2080, 33),
(3536, 3305, 21),
(3537, 3285, 14),
(3538, 3076, 70),
(3539, 2836, 73),
(3540, 2976, 63),
(3541, 3334, 52),
(3542, 2570, 54),
(3543, 3174, 57),
(3544, 2441, 56),
(3545, 2719, 47),
(3546, 2549, 16),
(3547, 3238, 24),
(3548, 2430, 8),
(3549, 3221, 22),
(3550, 3193, 28),
(3551, 3417, 1),
(3552, 2012, 26),
(3553, 2752, 1),
(3554, 2218, 43),
(3555, 2141, 43),
(3556, 3310, 47),
(3557, 3423, 21),
(3558, 2856, 46),
(3559, 1851, 15),
(3560, 1848, 1),
(3561, 3406, 15),
(3562, 2033, 54),
(3563, 2029, 10),
(3564, 3006, 22),
(3565, 3111, 54),
(3566, 2254, 73),
(3567, 3275, 68),
(3568, 3207, 3),
(3569, 2689, 16),
(3570, 1891, 33),
(3571, 2425, 8),
(3572, 3333, 23),
(3573, 1825, 38),
(3574, 1914, 72),
(3575, 1854, 31),
(3576, 2408, 75),
(3577, 1805, 35),
(3578, 2173, 56),
(3579, 2297, 75),
(3580, 2331, 68),
(3581, 2112, 12),
(3582, 3106, 37),
(3583, 1804, 7),
(3584, 3076, 24),
(3585, 1860, 19),
(3586, 3482, 70),
(3587, 2576, 15),
(3588, 2498, 42),
(3589, 2850, 45),
(3590, 2412, 26),
(3591, 1840, 55),
(3592, 3182, 36),
(3593, 2237, 7),
(3594, 3546, 78),
(3595, 2708, 15),
(3596, 3381, 36),
(3597, 2880, 77),
(3598, 3100, 20),
(3599, 1938, 41),
(3600, 3108, 20),
(3601, 3515, 5),
(3602, 2761, 77),
(3603, 2097, 59),
(3604, 3575, 67),
(3605, 2057, 77),
(3606, 2833, 55),
(3607, 2360, 24),
(3608, 2364, 74),
(3609, 1831, 37),
(3610, 1801, 44),
(3611, 3663, 16),
(3612, 3520, 78),
(3613, 3212, 66),
(3614, 3113, 66),
(3615, 2085, 42),
(3616, 2494, 13),
(3617, 2224, 8),
(3618, 2763, 58),
(3619, 3125, 23),
(3620, 1957, 68),
(3621, 3519, 75),
(3622, 2772, 75),
(3623, 3471, 4),
(3624, 2686, 51),
(3625, 3357, 47),
(3626, 2505, 36),
(3627, 2233, 47),
(3628, 2631, 35),
(3629, 3263, 49),
(3630, 2585, 67),
(3631, 2505, 70),
(3632, 1882, 41),
(3633, 2100, 40),
(3634, 2600, 48),
(3635, 2516, 29),
(3636, 2228, 16),
(3637, 3570, 31),
(3638, 2048, 66),
(3639, 2636, 49),
(3640, 3387, 10),
(3641, 2870, 64),
(3642, 2178, 5),
(3643, 2186, 11),
(3644, 2369, 57),
(3645, 3333, 52),
(3646, 3455, 21),
(3647, 3500, 62),
(3648, 3691, 36),
(3649, 2737, 69),
(3650, 3481, 12),
(3651, 1771, 18),
(3652, 2640, 56),
(3653, 2051, 46),
(3654, 2393, 72),
(3655, 2046, 58),
(3656, 2562, 64),
(3657, 3149, 62),
(3658, 2568, 51),
(3659, 2528, 42),
(3660, 2724, 68),
(3661, 3338, 2),
(3662, 3582, 7),
(3663, 3487, 32),
(3664, 3447, 35),
(3665, 2092, 74),
(3666, 3221, 78),
(3667, 1980, 8),
(3668, 2713, 15),
(3669, 2854, 36),
(3670, 2520, 25),
(3671, 2465, 3),
(3672, 3615, 32),
(3673, 3285, 4),
(3674, 1898, 8),
(3675, 2955, 2),
(3676, 2078, 74),
(3677, 2728, 8),
(3678, 2657, 38),
(3679, 1918, 15),
(3680, 1842, 4),
(3681, 2332, 71),
(3682, 2798, 46),
(3683, 3039, 28),
(3684, 1768, 1),
(3685, 2311, 62),
(3686, 2666, 48),
(3687, 2845, 9),
(3688, 2538, 62),
(3689, 3495, 56),
(3690, 1969, 43),
(3691, 1927, 21),
(3692, 2367, 9),
(3693, 2237, 65),
(3694, 3184, 13),
(3695, 1822, 51),
(3696, 2145, 68),
(3697, 2752, 27),
(3698, 1868, 37),
(3699, 2139, 42),
(3700, 3644, 58),
(3701, 1835, 71),
(3702, 2437, 75),
(3703, 3400, 21),
(3704, 3517, 63),
(3705, 2513, 50),
(3706, 2708, 66),
(3707, 3489, 67),
(3708, 1772, 32),
(3709, 3059, 8),
(3710, 2230, 61),
(3711, 2954, 15),
(3712, 3497, 63),
(3713, 2129, 5),
(3714, 3342, 17),
(3715, 2966, 5),
(3716, 2479, 21),
(3717, 2736, 52),
(3718, 2548, 6),
(3719, 3324, 67),
(3720, 2605, 33),
(3721, 2409, 12),
(3722, 1838, 66),
(3723, 3369, 42),
(3724, 1955, 22),
(3725, 3352, 24),
(3726, 2430, 77),
(3727, 3072, 9),
(3728, 3130, 45),
(3729, 2579, 6),
(3730, 3054, 26),
(3731, 2665, 55),
(3732, 3153, 44),
(3733, 3342, 46),
(3734, 2723, 51),
(3735, 2037, 10),
(3736, 1762, 77),
(3737, 3359, 8),
(3738, 2456, 3),
(3739, 3216, 62),
(3740, 2587, 53),
(3741, 2396, 78),
(3742, 3020, 33),
(3743, 3185, 31),
(3744, 2928, 6),
(3745, 3479, 28),
(3746, 2027, 45),
(3747, 1864, 7),
(3748, 2564, 12),
(3749, 2867, 64),
(3750, 2509, 8),
(3751, 2513, 39),
(3752, 2319, 49),
(3753, 3073, 24),
(3754, 3049, 72),
(3755, 1982, 26),
(3756, 3154, 69),
(3757, 3684, 72),
(3758, 2888, 70),
(3759, 2486, 52),
(3760, 2284, 63),
(3761, 2964, 67),
(3762, 1879, 57),
(3763, 2912, 13),
(3764, 1950, 19),
(3765, 3580, 13),
(3766, 3129, 68),
(3767, 1948, 41),
(3768, 3080, 76),
(3769, 2648, 2),
(3770, 1896, 72),
(3771, 2141, 12),
(3772, 2486, 56),
(3773, 3568, 21),
(3774, 1847, 56),
(3775, 3291, 5),
(3776, 3534, 78),
(3777, 2924, 75),
(3778, 3455, 3),
(3779, 2525, 11),
(3780, 3557, 41),
(3781, 2631, 67),
(3782, 3273, 59),
(3783, 2326, 67),
(3784, 3587, 52),
(3785, 2809, 70),
(3786, 2827, 16),
(3787, 2452, 74),
(3788, 3645, 19),
(3789, 2356, 44),
(3790, 3455, 78),
(3791, 3221, 34),
(3792, 2066, 48),
(3793, 3166, 33),
(3794, 2892, 41),
(3795, 1970, 5),
(3796, 2206, 46),
(3797, 3224, 37),
(3798, 3171, 16),
(3799, 3295, 9),
(3800, 2957, 69),
(3801, 2474, 73),
(3802, 3533, 63),
(3803, 2301, 64),
(3804, 3147, 15),
(3805, 2271, 73),
(3806, 2294, 22),
(3807, 2369, 11),
(3808, 3197, 17),
(3809, 3101, 50),
(3810, 3696, 5),
(3811, 2354, 11),
(3812, 3691, 34),
(3813, 1850, 16),
(3814, 1818, 37),
(3815, 2658, 54),
(3816, 2753, 19),
(3817, 3028, 10),
(3818, 2472, 72),
(3819, 3005, 59),
(3820, 3594, 56),
(3821, 1855, 69),
(3822, 1999, 41),
(3823, 2423, 67),
(3824, 3376, 76),
(3825, 3505, 31),
(3826, 2091, 38),
(3827, 2275, 9),
(3828, 2144, 72),
(3829, 2449, 22),
(3830, 2405, 68),
(3831, 1804, 59),
(3832, 3667, 58),
(3833, 3492, 10),
(3834, 3583, 30),
(3835, 3395, 44),
(3836, 2315, 66),
(3837, 1919, 41),
(3838, 2108, 22),
(3839, 3088, 48),
(3840, 3615, 45),
(3841, 2493, 31),
(3842, 3513, 9),
(3843, 2554, 71),
(3844, 2898, 8),
(3845, 1942, 32),
(3846, 3526, 73),
(3847, 2945, 28),
(3848, 2977, 66),
(3849, 2897, 11),
(3850, 3548, 25),
(3851, 3233, 6),
(3852, 1800, 31),
(3853, 2282, 28),
(3854, 3400, 30),
(3855, 2775, 74),
(3856, 2484, 42),
(3857, 2764, 71),
(3858, 2241, 61),
(3859, 3397, 32),
(3860, 1816, 72),
(3861, 2953, 17),
(3862, 3635, 14),
(3863, 3378, 24),
(3864, 2476, 26),
(3865, 2887, 74),
(3866, 3145, 56),
(3867, 2529, 28),
(3868, 3618, 64),
(3869, 3490, 5),
(3870, 2912, 14),
(3871, 2763, 39),
(3872, 2660, 70),
(3873, 2975, 71),
(3874, 3473, 76),
(3875, 2641, 62),
(3876, 2306, 47),
(3877, 2205, 34),
(3878, 3562, 8),
(3879, 1833, 54),
(3880, 2306, 67),
(3881, 2047, 66),
(3882, 3204, 71),
(3883, 2762, 51),
(3884, 2147, 1),
(3885, 3649, 60),
(3886, 2935, 9),
(3887, 1938, 57),
(3888, 2260, 7),
(3889, 1834, 37),
(3890, 2188, 34),
(3891, 2222, 24),
(3892, 3600, 56),
(3893, 2410, 50),
(3894, 3561, 56),
(3895, 2852, 16),
(3896, 3504, 60),
(3897, 3155, 40),
(3898, 2873, 22),
(3899, 3583, 6),
(3900, 3020, 66),
(3901, 3241, 12),
(3902, 1857, 26),
(3903, 1911, 30),
(3904, 2394, 29),
(3905, 2744, 15),
(3906, 2097, 63),
(3907, 1837, 72),
(3908, 2706, 8),
(3909, 2902, 22),
(3910, 2395, 8),
(3911, 1957, 1),
(3912, 2059, 51),
(3913, 3190, 41),
(3914, 3307, 56),
(3915, 2483, 44),
(3916, 3622, 37),
(3917, 3673, 29),
(3918, 2333, 51),
(3919, 3249, 21),
(3920, 2212, 60),
(3921, 3179, 8),
(3922, 3204, 6),
(3923, 2003, 36),
(3924, 2767, 35),
(3925, 3357, 5),
(3926, 2387, 21),
(3927, 2721, 43),
(3928, 2176, 30),
(3929, 3490, 32),
(3930, 3293, 78),
(3931, 3366, 45),
(3932, 2626, 30),
(3933, 2950, 4),
(3934, 3476, 54),
(3935, 2481, 13),
(3936, 2173, 35),
(3937, 3699, 5),
(3938, 2459, 47),
(3939, 2389, 27),
(3940, 2739, 35),
(3941, 2408, 21),
(3942, 3664, 33),
(3943, 3219, 26),
(3944, 3088, 8),
(3945, 2279, 39),
(3946, 2569, 63),
(3947, 3550, 61),
(3948, 2929, 41),
(3949, 2837, 42),
(3950, 2125, 59),
(3951, 2599, 7),
(3952, 3243, 57),
(3953, 2056, 34),
(3954, 3163, 25),
(3955, 2412, 50),
(3956, 3400, 15),
(3957, 3687, 35),
(3958, 2260, 57),
(3959, 2453, 9),
(3960, 2512, 49),
(3961, 3321, 45),
(3962, 2198, 18),
(3963, 2335, 48),
(3964, 2464, 59),
(3965, 3292, 78),
(3966, 3604, 60),
(3967, 2222, 42),
(3968, 2176, 66),
(3969, 2201, 6),
(3970, 3079, 8),
(3971, 3557, 37),
(3972, 2361, 12),
(3973, 3518, 74),
(3974, 3637, 46),
(3975, 3516, 40),
(3976, 2853, 5),
(3977, 2547, 24),
(3978, 2080, 69),
(3979, 2006, 22),
(3980, 3399, 8),
(3981, 2404, 57),
(3982, 2332, 60),
(3983, 2217, 68),
(3984, 2562, 49),
(3985, 2483, 31),
(3986, 3054, 23),
(3987, 2646, 49),
(3988, 3125, 70),
(3989, 3614, 65),
(3990, 2310, 42),
(3991, 3589, 37),
(3992, 2987, 47),
(3993, 3640, 72),
(3994, 2773, 29),
(3995, 2833, 52),
(3996, 2842, 15),
(3997, 2660, 6),
(3998, 1822, 15),
(3999, 3158, 23),
(4000, 3243, 53),
(4001, 3447, 58),
(4002, 2193, 51),
(4003, 2660, 10),
(4004, 2467, 15),
(4005, 2832, 76),
(4006, 3486, 49),
(4007, 3355, 2),
(4008, 2717, 64),
(4009, 3543, 36),
(4010, 2580, 70),
(4011, 3496, 75),
(4012, 3470, 52),
(4013, 2576, 62),
(4014, 1875, 41),
(4015, 2569, 16),
(4016, 1991, 15),
(4017, 2753, 20),
(4018, 2351, 25),
(4019, 2809, 15),
(4020, 3195, 20),
(4021, 3116, 58),
(4022, 2426, 9),
(4023, 2754, 40),
(4024, 2373, 28),
(4025, 2947, 43),
(4026, 2003, 55),
(4027, 3284, 66),
(4028, 3480, 63),
(4029, 2612, 7),
(4030, 1764, 4),
(4031, 1943, 12),
(4032, 3481, 46),
(4033, 3691, 52),
(4034, 3694, 26),
(4035, 2756, 3),
(4036, 1767, 50),
(4037, 2692, 22),
(4038, 2920, 13),
(4039, 2138, 58),
(4040, 2387, 73),
(4041, 3102, 72),
(4042, 3659, 35),
(4043, 2935, 49),
(4044, 2758, 68),
(4045, 1932, 59),
(4046, 2144, 36),
(4047, 3647, 61),
(4048, 3521, 22),
(4049, 2890, 57),
(4050, 3582, 35),
(4051, 2401, 75),
(4052, 2532, 69),
(4053, 3673, 75),
(4054, 3431, 69),
(4055, 2184, 71),
(4056, 2959, 52),
(4057, 3308, 65),
(4058, 2611, 7),
(4059, 2832, 31),
(4060, 2020, 12),
(4061, 1913, 54),
(4062, 2535, 3),
(4063, 3692, 25),
(4064, 2346, 75),
(4065, 2239, 72),
(4066, 1815, 2),
(4067, 3489, 23),
(4068, 3098, 58),
(4069, 1924, 15),
(4070, 2161, 43),
(4071, 3335, 21),
(4072, 3160, 61),
(4073, 3233, 26),
(4074, 2069, 18),
(4075, 2299, 32),
(4076, 3681, 51),
(4077, 2245, 37),
(4078, 3020, 3),
(4079, 2996, 65),
(4080, 2982, 19),
(4081, 2454, 5),
(4082, 2223, 38),
(4083, 2592, 36),
(4084, 1926, 43),
(4085, 1977, 1),
(4086, 2183, 48),
(4087, 3676, 11),
(4088, 2523, 27),
(4089, 3597, 12),
(4090, 2633, 51),
(4091, 2814, 14),
(4092, 2349, 19),
(4093, 2444, 37),
(4094, 3206, 29),
(4095, 2457, 5),
(4096, 2585, 15),
(4097, 2781, 66),
(4098, 3561, 9),
(4099, 3422, 67),
(4100, 2084, 61);

-- --------------------------------------------------------

--
-- Struktura tabeli dla tabeli `kandydaci`
--

CREATE TABLE `kandydaci` (
  `id_kandydata` int(11) NOT NULL,
  `imie` varchar(100) COLLATE utf8_polish_ci DEFAULT NULL,
  `nazwisko` varchar(100) COLLATE utf8_polish_ci DEFAULT NULL
) ENGINE=InnoDB DEFAULT CHARSET=utf8 COLLATE=utf8_polish_ci;

--
-- Zrzut danych tabeli `kandydaci`
--

INSERT INTO `kandydaci` (`id_kandydata`, `imie`, `nazwisko`) VALUES
(1, 'Faustyn', 'Augustowski'),
(2, 'Karolina', 'Adamczyk'),
(3, 'Milena', 'Karwik'),
(4, 'Sebastian', 'Babij'),
(5, 'Piotr', 'Kopacz'),
(6, 'Jerzy', 'Andrzejewski'),
(7, 'Jacek', 'Sztorc'),
(8, 'Lucjan', 'Jamski'),
(9, 'Adam', 'Susel'),
(10, 'Gabriel', 'Papciak'),
(11, 'Dorota', 'Dlugosz'),
(12, 'Karol', 'Szwarc'),
(13, 'Alicja', 'Gajdanowicz'),
(14, 'Piotr', 'Loba'),
(15, 'Antoni', 'Pilski'),
(16, 'Krzysztof', 'Pytlik'),
(17, 'Jan', 'Adamczyk'),
(18, 'Anna', 'Babiarz'),
(19, 'Julian', 'Panfil'),
(20, 'Karol', 'Hubicki'),
(21, 'Bartlomiej', 'Kogut'),
(22, 'Alexandra', 'Kogut'),
(23, 'Mateusz', 'Grzybek'),
(24, 'Katarzyna', 'Maciak'),
(25, 'Bogdan', 'Pilipczuk'),
(26, 'Aleksander', 'Letka'),
(27, 'Magdalena', 'Baranek'),
(28, 'Ewa', 'Bandera'),
(29, 'Magdalena', 'Lewicka'),
(30, 'Konrad', 'Mokrzycki'),
(31, 'Stefania', 'Malecka'),
(32, 'Kamil', 'Chorzowski'),
(33, 'Krzysztof', 'Chrzanowski'),
(34, 'Dorota', 'Banach'),
(35, 'Andrzej', 'Augustowski'),
(36, 'Szymon', 'Bujnarowski'),
(37, 'Adam', 'Jamski'),
(38, 'Jerzy', 'Antczak'),
(39, 'Krzysztof', 'Alot'),
(40, 'Klaudia', 'Skolska'),
(41, 'Andrzej', 'Bydgoski'),
(42, 'Mateusz', 'Krefta'),
(43, 'Zofia', 'Barszcz'),
(44, 'Zuzanna', 'Bajurska'),
(45, 'Marcin', 'Bielawski'),
(46, 'Rozalia', 'Siedlecka'),
(47, 'Olga', 'Broszczak'),
(48, 'Kacper', 'Lipski'),
(49, 'Kazimierz', 'Kowalczyk'),
(50, 'Magdalena', 'Grzegorczyk'),
(51, 'Karol', 'Zakowicz'),
(52, 'Marta', 'Korbus'),
(53, 'Kajetan', 'Nieradko'),
(54, 'Adam', 'Bluj'),
(55, 'Hanna', 'Karpik'),
(56, 'Paulina', 'Lwowska'),
(57, 'Wiktoria', 'Setniewska'),
(58, 'Urszula', 'Cender'),
(59, 'Dominik', 'Rautenberg'),
(60, 'Cezary', 'Kijowski'),
(61, 'Paulina', 'Suwalska'),
(62, 'Helena', 'Lysiak'),
(63, 'Magdalena', 'Machaj'),
(64, 'Stefan', 'Papier'),
(65, 'Maksymilian', 'Lesiak'),
(66, 'Beniamin', 'Laskowski'),
(67, 'Jan', 'Pilewski'),
(68, 'Karol', 'Kielecki'),
(69, 'Weronika', 'Derosas'),
(70, 'Konrad', 'Mizerek'),
(71, 'Karol', 'Kaczmarczyk'),
(72, 'Eulalia', 'Modrzejewska'),
(73, 'Zenon', 'Jakubczyk'),
(74, 'Piotr', 'Markowski'),
(75, 'Inga', 'Bydgoska'),
(76, 'Julia', 'Rewekant'),
(77, 'Hanna', 'Furmaniak'),
(78, 'Izabella', 'Dunaj');

-- --------------------------------------------------------

--
-- Struktura tabeli dla tabeli `uczniowie`
--

CREATE TABLE `uczniowie` (
  `id_ucznia` int(11) NOT NULL,
  `imie` varchar(100) COLLATE utf8_polish_ci DEFAULT NULL,
  `nazwisko` varchar(100) COLLATE utf8_polish_ci DEFAULT NULL,
  `klasa` char(1) COLLATE utf8_polish_ci DEFAULT NULL,
  `rok_nauki` int(11) DEFAULT NULL
) ENGINE=InnoDB DEFAULT CHARSET=utf8 COLLATE=utf8_polish_ci;

--
-- Zrzut danych tabeli `uczniowie`
--

INSERT INTO `uczniowie` (`id_ucznia`, `imie`, `nazwisko`, `klasa`, `rok_nauki`) VALUES
(1600, 'Mateusz', 'Zgid', 'A', 3),
(1601, 'Teresa', 'Budzisz', 'A', 3),
(1602, 'Klaudia', 'Antczak', 'A', 3),
(1603, 'Marek', 'Helski', 'A', 3),
(1604, 'Piotr', 'Kozak', 'A', 3),
(1605, 'Patryk', 'Chromiec', 'A', 3),
(1606, 'Filip', 'Stawny', 'A', 3),
(1607, 'Katarzyna', 'Czarkowska', 'A', 3),
(1608, 'Nina', 'Harris', 'A', 3),
(1609, 'Wlademar', 'Sarna', 'A', 3),
(1610, 'Jan', 'Bugajski', 'A', 3),
(1611, 'Faustyn', 'Augustowski', 'A', 3),
(1612, 'Karolina', 'Adamczyk', 'A', 3),
(1613, 'Milena', 'Karwik', 'A', 3),
(1614, 'Nikodem', 'Janiak', 'A', 3),
(1615, 'Maja', 'Barczuk', 'A', 3),
(1616, 'Piotr', 'Olczak', 'A', 3),
(1617, 'Jan', 'Smith', 'A', 3),
(1618, 'Krystian', 'Borodacz', 'A', 3),
(1619, 'Olga', 'Barankiewicz', 'A', 3),
(1620, 'Bartosz', 'Drozdowski', 'A', 3),
(1621, 'Konrad', 'Kmit', 'A', 3),
(1622, 'Urszula', 'Erbel', 'A', 3),
(1623, 'Marek', 'Gawron', 'A', 3),
(1624, 'Krystyna', 'Antonkiewicz', 'B', 3),
(1625, 'Sebastian', 'Babij', 'B', 3),
(1626, 'Piotr', 'Kopacz', 'B', 3),
(1627, 'Jerzy', 'Andrzejewski', 'B', 3),
(1628, 'Michal', 'Andrut', 'B', 3),
(1629, 'Karol', 'Badowski', 'B', 3),
(1630, 'Iwona', 'Bekasiewicz', 'B', 3),
(1631, 'Wojciech', 'Pokora', 'B', 3),
(1632, 'Monika', 'Wychotowicz', 'B', 3),
(1633, 'Mateusz', 'Blizniak', 'B', 3),
(1634, 'Adam', 'Adamus', 'B', 3),
(1635, 'Alina', 'Barska', 'B', 3),
(1636, 'Anna', 'Andrzejewska', 'B', 3),
(1637, 'Lucjan', 'Bartkowiak', 'B', 3),
(1638, 'Krzysztof', 'Mendrek', 'B', 3),
(1639, 'Ewelina', 'Borowska', 'B', 3),
(1640, 'Anna', 'Marzec', 'B', 3),
(1641, 'Agnieszka', 'Antoszewska', 'B', 3),
(1642, 'Maria', 'Tynkarz', 'B', 3),
(1643, 'Jan', 'Bartodziej', 'B', 3),
(1644, 'Milena', 'Lichwa', 'B', 3),
(1645, 'Edward', 'Nosowski', 'B', 3),
(1646, 'Zenobiusz', 'Basaj', 'B', 3),
(1647, 'Anna', 'Mazurkiewicz', 'B', 3),
(1648, 'Julia', 'Adamczyk', 'B', 3),
(1649, 'Jowita', 'Biernaczyk', 'B', 3),
(1650, 'Natalia', 'Czyz', 'B', 3),
(1651, 'Mateusz', 'Herman', 'B', 3),
(1652, 'Nikola', 'Hofman', 'B', 3),
(1653, 'Jan', 'Inny', 'B', 3),
(1654, 'Stefan', 'Inny', 'B', 3),
(1655, 'Piotr', 'Jacyk', 'B', 3),
(1656, 'Agata', 'Jandura', 'B', 3),
(1657, 'Marek', 'Kaczor', 'B', 3),
(1658, 'Anna', 'Karpowicz', 'B', 3),
(1659, 'Mateusz', 'Korda', 'B', 3),
(1660, 'Piotr', 'Krakowiak', 'B', 3),
(1661, 'Karol', 'Krakowski', 'B', 3),
(1662, 'Euzebiusz', 'Lange', 'B', 3),
(1663, 'Beata', 'Lis', 'B', 3),
(1664, 'Weronika', 'Nike', 'B', 3),
(1665, 'Jerzy', 'Pigulski', 'B', 3),
(1666, 'Jakub', 'Plichta', 'B', 3),
(1667, 'Jadwiga', 'Podczasiak', 'B', 3),
(1668, 'Pawel', 'Rada', 'B', 3),
(1669, 'Monika', 'Radwan', 'B', 3),
(1670, 'Igor', 'Rysak', 'B', 3),
(1671, 'Bartosz', 'Sikora', 'B', 3),
(1672, 'Edmund', 'Skoczkowski', 'B', 3),
(1673, 'Hanna', 'Stanke', 'B', 3),
(1674, 'Aleksandra', 'Sulima', 'B', 3),
(1675, 'Anna', 'Trocha', 'B', 3),
(1676, 'Adam', 'Zdrojewski', 'B', 3),
(1677, 'Jolanta', 'Antczak', 'B', 3),
(1678, 'Piotr', 'Borsuk', 'B', 3),
(1679, 'Jakub', 'Chmielewski', 'B', 3),
(1680, 'Kamil', 'Chorzowski', 'B', 3),
(1681, 'Magdalena', 'Deja', 'B', 3),
(1682, 'Andrzej', 'Gagatek', 'B', 3),
(1683, 'Monika', 'Glasmann', 'B', 3),
(1684, 'Marta', 'Gralewicz', 'B', 3),
(1685, 'Jan', 'Grzeskowiak', 'B', 3),
(1686, 'Arkadiusz', 'Harazim', 'B', 3),
(1687, 'Helena', 'Haruza', 'B', 3),
(1688, 'Maurycy', 'Jakubiak', 'B', 3),
(1689, 'Magdalena', 'Kaczmarek', 'B', 3),
(1690, 'Milena', 'Kecler', 'B', 3),
(1691, 'Krzysztof', 'Kiedrowski', 'B', 3),
(1692, 'Marta', 'Konstantinova', 'B', 3),
(1693, 'Agata', 'Krakowska', 'B', 3),
(1694, 'Filip', 'Krakowski', 'B', 3),
(1695, 'Jakub', 'Kwiatkowski', 'B', 3),
(1696, 'Piotr', 'Lupa', 'B', 3),
(1697, 'Tymon', 'Rey', 'B', 3),
(1698, 'Ewa', 'Rohde', 'B', 3),
(1699, 'Marcelina', 'Serwicka', 'B', 3),
(1700, 'Urszula', 'Specjalna', 'B', 3),
(1701, 'Krystyna', 'Swoboda', 'B', 3),
(1702, 'Anna', 'Szczupak', 'B', 3),
(1703, 'Bartosz', 'Szkutnik', 'B', 3),
(1704, 'Arkadiusz', 'Wieniarski', 'B', 3),
(1705, 'Magdalena', 'Zubilewicz', 'B', 3),
(1706, 'Karolina', 'Stryczek', 'B', 3),
(1707, 'Piotr', 'Kaczor', 'B', 3),
(1708, 'Marcin', 'Kosaty', 'B', 3),
(1709, 'Barbara', 'Andrzejewska', 'B', 3),
(1710, 'Matylda', 'Tarkowska', 'B', 3),
(1711, 'Filip', 'Klebba', 'B', 3),
(1712, 'Natalia', 'Dab', 'B', 3),
(1713, 'Albert', 'Skiba', 'B', 3),
(1714, 'Dominika', 'Kurczaczek', 'B', 3),
(1715, 'Tymoteusz', 'Bilmon', 'B', 3),
(1716, 'Ewelina', 'Kiszka', 'B', 3),
(1717, 'Karolina', 'Barzowska', 'B', 3),
(1718, 'Hanna', 'Steinborn', 'B', 3),
(1719, 'Maria', 'Ciechanowicz', 'B', 3),
(1720, 'Piotr', 'Wilczek', 'B', 3),
(1721, 'Marcela', 'Badowska', 'B', 3),
(1722, 'Adam', 'Grondowy', 'B', 3),
(1723, 'Patrycja', 'Augustowska', 'B', 3),
(1724, 'Nikodem', 'Kowalski', 'B', 3),
(1725, 'Wojciech', 'Katowicki', 'B', 3),
(1726, 'Tomasz', 'Bandera', 'B', 3),
(1727, 'Oktawian', 'Augustowski', 'B', 3),
(1728, 'Justyna', 'Jacak', 'B', 3),
(1729, 'Marek', 'Ochota', 'B', 3),
(1730, 'Marian', 'Bukalski', 'B', 3),
(1731, 'Krzysztof', 'Kiszka', 'B', 3),
(1732, 'Aleksandra', 'Kwas', 'B', 3),
(1733, 'Karina', 'Oleszczuk', 'B', 3),
(1734, 'Kazimierz', 'Bartosik', 'B', 3),
(1735, 'Aleks', 'Kaliszuk', 'B', 3),
(1736, 'Dariusz', 'Kunka', 'B', 3),
(1737, 'Victoria', 'Werbowy', 'B', 3),
(1738, 'Maria', 'Blicharska', 'B', 3),
(1739, 'Waldemar', 'Babiarz', 'B', 3),
(1740, 'Lech', 'Bek', 'B', 3),
(1741, 'Piotr', 'Kosz', 'B', 3),
(1742, 'Kamil', 'Bobiak', 'B', 3),
(1743, 'Jadwiga', 'Specjalna', 'B', 3),
(1744, 'Kaja', 'Orczyk', 'B', 3),
(1745, 'Zofia', 'Cejko', 'B', 3),
(1746, 'Aleksander', 'Araucz', 'B', 3),
(1747, 'Anna', 'Misiek', 'B', 3),
(1748, 'Natalia', 'Szlachta', 'B', 3),
(1749, 'Adam', 'Strupiechowski', 'B', 3),
(1750, 'Polina', 'Plakwicz', 'B', 3),
(1751, 'Julia', 'Laskowska', 'B', 3),
(1752, 'Ewelina', 'Szustak', 'B', 3),
(1753, 'Kordian', 'Adamowicz', 'B', 3),
(1754, 'Dominika', 'Czernicka', 'B', 3),
(1755, 'Wiktor', 'Szczepkowski', 'B', 3),
(1756, 'Grzegorz', 'Kowalczyk', 'B', 3),
(1757, 'Natalia', 'Florczak', 'B', 3),
(1758, 'Adam', 'Chojnacki', 'B', 3),
(1759, 'Marcin', 'Radzik', 'B', 3),
(1760, 'Bartlomiej', 'Wieczorek', 'B', 3),
(1761, 'Mateusz', 'Kukulski', 'B', 3),
(1762, 'Szymon', 'Cejman', 'B', 3),
(1763, 'Nikodem', 'Olczak', 'B', 3),
(1764, 'Anna', 'Grzybek', 'B', 3),
(1765, 'Nina', 'Gryczka', 'B', 3),
(1766, 'Maciej', 'Neumann', 'B', 3),
(1767, 'Joanna', 'Zgadzaj', 'B', 3),
(1768, 'Zenon', 'Pietruszka', 'B', 3),
(1769, 'Piotr', 'Szymajda', 'B', 3),
(1770, 'Dawid', 'Suchocki', 'B', 3),
(1771, 'Marek', 'Chorzowski', 'B', 3),
(1772, 'Aleksandra', 'Plichta', 'B', 3),
(1773, 'Natalia', 'Jezierska', 'B', 3),
(1774, 'Anna', 'Broszkiewicz', 'B', 3),
(1775, 'Przemyslaw', 'Sadza', 'B', 3),
(1776, 'Roman', 'Iwanowski', 'B', 3),
(1777, 'Konstanty', 'Kot', 'B', 3),
(1778, 'Kinga', 'Skubis', 'B', 3),
(1779, 'Ernest', 'Bydgoski', 'B', 3),
(1780, 'Andrzej', 'Sabat', 'B', 3),
(1781, 'Seweryn', 'Krakowski', 'B', 3),
(1782, 'Maciej', 'Honka', 'B', 3),
(1783, 'Ewa', 'Studzieniecka', 'B', 3),
(1784, 'Kinga', 'Orczyk', 'B', 3),
(1785, 'Sandra', 'Szmitko', 'B', 3),
(1786, 'Anna', 'Niczyj', 'B', 3),
(1787, 'Natalia', 'Olszewska', 'B', 3),
(1788, 'Marta', 'Schmidtke', 'B', 3),
(1789, 'Patrycja', 'Rzeszowska', 'B', 3),
(1790, 'Wiktoria', 'Chojnacka', 'B', 3),
(1791, 'Piotr', 'Fido', 'B', 3),
(1792, 'Natalia', 'Kowal', 'B', 3),
(1793, 'Erwin', 'Rzymowski', 'B', 3),
(1794, 'Witold', 'Adamiec', 'B', 3),
(1795, 'Andrzej', 'Szumowski', 'B', 3),
(1796, 'Kaja', 'Malbolrska', 'B', 3),
(1797, 'Danuta', 'Majka', 'B', 3),
(1798, 'Agata', 'Zbieska', 'B', 3),
(1799, 'Mateusz', 'Kowalski', 'B', 3),
(1800, 'Adam', 'Jakus', 'B', 3),
(1801, 'Jacek', 'Sztorc', 'B', 3),
(1802, 'Lucjan', 'Jamski', 'B', 3),
(1803, 'Adam', 'Susel', 'B', 3),
(1804, 'Gabriel', 'Papciak', 'C', 3),
(1805, 'Dorota', 'Dlugosz', 'C', 3),
(1806, 'Karol', 'Szwarc', 'C', 3),
(1807, 'Alicja', 'Gajdanowicz', 'C', 3),
(1808, 'Piotr', 'Loba', 'C', 3),
(1809, 'Antoni', 'Pilski', 'C', 3),
(1810, 'Krzysztof', 'Pytlik', 'C', 3),
(1811, 'Jan', 'Adamczyk', 'C', 3),
(1812, 'Anna', 'Babiarz', 'C', 3),
(1813, 'Andrzej', 'Krakowski', 'C', 3),
(1814, 'Kamil', 'Ludziejewsk', 'C', 3),
(1815, 'Nataniel', 'Janowski', 'C', 3),
(1816, 'Arkadiusz', 'Lis', 'C', 3),
(1817, 'Agnieszka', 'Maciejczyk', 'C', 3),
(1818, 'Agnieszka', 'Kowalczyk', 'C', 3),
(1819, 'Maja', 'Lawendowska', 'C', 3),
(1820, 'Igor', 'Misztal', 'C', 3),
(1821, 'Karolina', 'Rylska', 'C', 3),
(1822, 'Piotr', 'Grzybicki', 'C', 3),
(1823, 'Kaja', 'Makarska', 'C', 3),
(1824, 'Mateusz', 'Krosnowski', 'C', 3),
(1825, 'Justyna', 'Bydgoska', 'C', 3),
(1826, 'Halina', 'Zawidowska', 'C', 3),
(1827, 'Nicola', 'Horbaczewska', 'C', 3),
(1828, 'Michalina', 'Fenoszyn', 'C', 3),
(1829, 'Wojciech', 'Pietruszka', 'C', 3),
(1830, 'Kamila', 'Pietkiewicz', 'C', 3),
(1831, 'Sebastian', 'Helski', 'C', 3),
(1832, 'Barbara', 'Oskarowicz', 'C', 3),
(1833, 'Ewelina', 'Pietczak', 'C', 3),
(1834, 'Katarzyna', 'Jokiel', 'C', 3),
(1835, 'Ewelina', 'Nyska', 'C', 3),
(1836, 'Marianna', 'Kotowska', 'C', 3),
(1837, 'Piotr', 'Nyski', 'C', 3),
(1838, 'Sandra', 'Grochowska', 'C', 3),
(1839, 'Antoni', 'Tosiek', 'C', 3),
(1840, 'Jakub', 'Rojek', 'C', 3),
(1841, 'Wiktor', 'Chorzowski', 'C', 3),
(1842, 'Bartosz', 'Tylec', 'C', 3),
(1843, 'Zenon', 'Borowik', 'C', 3),
(1844, 'Irena', 'Andrusiak', 'C', 3),
(1845, 'Patryk', 'Makarski', 'C', 3),
(1846, 'Ryszard', 'Orlik', 'C', 3),
(1847, 'Wojciech', 'Krakowski', 'C', 3),
(1848, 'Paulina', 'Filipczuk', 'C', 3),
(1849, 'Natalia', 'Kolek', 'C', 3),
(1850, 'Grzegorz', 'Kowalonek', 'C', 3),
(1851, 'Jakub', 'Hanke', 'C', 3),
(1852, 'Kacper', 'Osadnik', 'C', 3),
(1853, 'Michal', 'Borsuk', 'C', 3),
(1854, 'Marcin', 'Dechnik', 'C', 3),
(1855, 'Jerzy', 'Krakowski', 'C', 3),
(1856, 'Barbara', 'Holmes', 'C', 3),
(1857, 'Paulina', 'Piekarz', 'C', 3),
(1858, 'Marta', 'Robak', 'C', 3),
(1859, 'Jan', 'Kmicic', 'C', 3),
(1860, 'Renata', 'Mandziej', 'C', 3),
(1861, 'Arjuna', 'Wejner', 'C', 3),
(1862, 'Zofia', 'Burghard', 'C', 3),
(1863, 'Patryk', 'Borsuk', 'C', 3),
(1864, 'Stefan', 'Chorzowski', 'C', 3),
(1865, 'Mieszko', 'Rzymski', 'C', 3),
(1866, 'Karolina', 'Sopocka', 'C', 3),
(1867, 'Tomasz', 'Brych', 'C', 3),
(1868, 'Klara', 'Jarosz', 'C', 3),
(1869, 'Kazimierz', 'Benedykt', 'C', 3),
(1870, 'Monika', 'Sibilska', 'C', 3),
(1871, 'Nastazja', 'Tymczak', 'C', 3),
(1872, 'Ewelina', 'Czarnecka', 'C', 3),
(1873, 'Krzysztof', 'Borowik', 'C', 3),
(1874, 'Julian', 'Paciorek', 'C', 3),
(1875, 'Lena', 'Hrabiowska', 'C', 3),
(1876, 'Jan', 'Badowski', 'C', 3),
(1877, 'Maja', 'Lang', 'C', 3),
(1878, 'Karol', 'Golanczyk', 'C', 3),
(1879, 'Agata', 'Jancewicz', 'C', 3),
(1880, 'Eryk', 'Szkubiel', 'C', 3),
(1881, 'Klaudia', 'Grabicka', 'C', 3),
(1882, 'Maciej', 'Beniuszys', 'C', 3),
(1883, 'Szymon', 'Jablos', 'C', 3),
(1884, 'Marceli', 'Kulak', 'C', 3),
(1885, 'Dorota', 'Wiedro', 'C', 3),
(1886, 'Jadwiga', 'Wiek', 'C', 3),
(1887, 'Olga', 'Zakrzewska', 'C', 3),
(1888, 'Anastazja', 'Trzebiatowska', 'C', 3),
(1889, 'Ewelina', 'Tyrka', 'C', 3),
(1890, 'Piotr', 'Siwek', 'C', 3),
(1891, 'Andrzej', 'Kulig', 'C', 3),
(1892, 'Natalia', 'Jarosz', 'C', 3),
(1893, 'Bruno', 'Formela', 'C', 3),
(1894, 'Karol', 'Paszewski', 'C', 3),
(1895, 'Jadwiga', 'Podczasiak', 'C', 3),
(1896, 'Iga', 'Sorr', 'C', 3),
(1897, 'Karolina', 'Kotala', 'C', 3),
(1898, 'Marcin', 'Worek', 'C', 3),
(1899, 'Roman', 'Grodecki', 'C', 3),
(1900, 'Arkadiusz', 'Pietczak', 'C', 3),
(1901, 'Jadwiga', 'Kowalska', 'C', 3),
(1902, 'Kazimiera', 'Parczewska', 'C', 3),
(1903, 'Mateusz', 'Pawlak', 'C', 3),
(1904, 'Dariusz', 'Szamborski', 'C', 3),
(1905, 'Karina', 'Legnicka', 'C', 3),
(1906, 'Dorota', 'Karpowicz', 'C', 3),
(1907, 'Karolina', 'Mrozek', 'C', 3),
(1908, 'Hubert', 'Jakubczyk', 'C', 3),
(1909, 'Bartosz', 'Snarski', 'C', 3),
(1910, 'Alina', 'Bienias', 'C', 3),
(1911, 'Wiktoria', 'Czaplo', 'C', 3),
(1912, 'Edward', 'Malkiewicz', 'D', 3),
(1913, 'Alicja', 'Koryncka', 'D', 3),
(1914, 'Damian', 'Fryczke', 'D', 3),
(1915, 'Krystian', 'Hofman', 'D', 3),
(1916, 'Bogdan', 'Grzeskowiak', 'D', 3),
(1917, 'Jan', 'Jarek', 'D', 3),
(1918, 'Ewa', 'Gruszecka', 'D', 3),
(1919, 'Patryk', 'Gozdalik', 'D', 3),
(1920, 'Weronika', 'Czerlonek', 'D', 3),
(1921, 'Aneta', 'Straciuk', 'D', 3),
(1922, 'Joanna', 'Wierzbicka', 'D', 3),
(1923, 'Julian', 'Panfil', 'D', 3),
(1924, 'Karol', 'Hubicki', 'D', 3),
(1925, 'Bartlomiej', 'Kogut', 'D', 3),
(1926, 'Alexandra', 'Kogut', 'D', 3),
(1927, 'Mateusz', 'Grzybek', 'D', 3),
(1928, 'Katarzyna', 'Maciak', 'E', 3),
(1929, 'Bogdan', 'Pilipczuk', 'E', 3),
(1930, 'Aleksander', 'Letka', 'E', 3),
(1931, 'Magdalena', 'Baranek', 'E', 3),
(1932, 'Ewa', 'Bandera', 'E', 3),
(1933, 'Magdalena', 'Lewicka', 'E', 3),
(1934, 'Konrad', 'Mokrzycki', 'E', 3),
(1935, 'Stefania', 'Malecka', 'E', 3),
(1936, 'Jerzy', 'Koperski', 'E', 3),
(1937, 'Stefan', 'Pabianicki', 'E', 3),
(1938, 'Julia', 'Przybysz', 'E', 3),
(1939, 'Dorota', 'Katowicka', 'E', 3),
(1940, 'Ewa', 'Lewandowska', 'E', 3),
(1941, 'Urszula', 'Stawikowska', 'E', 3),
(1942, 'Joanna', 'Kaczmarek', 'E', 3),
(1943, 'Stach', 'Anusz', 'E', 3),
(1944, 'Karol', 'Charabin', 'E', 3),
(1945, 'Lila', 'Markiewicz', 'E', 3),
(1946, 'Kacper', 'Stiewa', 'E', 3),
(1947, 'Michal', 'Inglot', 'F', 3),
(1948, 'Piotr', 'Pachnowski', 'F', 3),
(1949, 'Wojciech', 'Majsik', 'F', 3),
(1950, 'Remigiusz', 'Okla', 'F', 3),
(1951, 'Igor', 'Moskwa', 'F', 3),
(1952, 'Dominika', 'Mizgalska', 'F', 3),
(1953, 'Marcin', 'Antos', 'F', 3),
(1954, 'Siergiu', 'Rykowski', 'F', 3),
(1955, 'Blanka', 'Machnicka', 'F', 3),
(1956, 'Henryk', 'Jakubczyk', 'F', 3),
(1957, 'Agata', 'Czyz', 'F', 3),
(1958, 'Anna', 'Makar', 'F', 3),
(1959, 'Edyta', 'Zimna', 'F', 3),
(1960, 'Leokadia', 'Jackowska', 'F', 3),
(1961, 'Piotr', 'Moskwa', 'F', 3),
(1962, 'Anna', 'Inny', 'F', 3),
(1963, 'Zbigniew', 'Grzmil', 'F', 3),
(1964, 'Katarzyna', 'Dmochowska', 'F', 3),
(1965, 'Emma', 'Subocz', 'F', 3),
(1966, 'Alicja', 'Szydlowska', 'F', 3),
(1967, 'Maciej', 'Marciszewski', 'F', 3),
(1968, 'Barbara', 'Katana', 'F', 3),
(1969, 'Adrian', 'Tomczyk', 'F', 3),
(1970, 'Monika', 'Burza', 'F', 3),
(1971, 'Lilianna', 'Mamcarz', 'F', 3),
(1972, 'Zofia', 'Krakowska', 'F', 3),
(1973, 'Janusz', 'Monachijski', 'F', 3),
(1974, 'Karolina', 'Szarkowicz', 'F', 3),
(1975, 'Piotr', 'Banasiak', 'F', 3),
(1976, 'Krzysztof', 'Balicki', 'F', 3),
(1977, 'Piotr', 'Bak', 'F', 3),
(1978, 'Krzysztof', 'Krul', 'F', 3),
(1979, 'Krystian', 'Balcerowski', 'F', 3),
(1980, 'Anna', 'Gates', 'F', 3),
(1981, 'Kamil', 'Rutkowski', 'F', 3),
(1982, 'Kamil', 'Guzierowicz', 'F', 3),
(1983, 'Lena', 'Miller', 'F', 3),
(1984, 'Szymon', 'Kisiel', 'F', 3),
(1985, 'Adam', 'Karmazyn', 'F', 3),
(1986, 'Andrzej', 'Mrozowski', 'F', 3),
(1987, 'Ewelia', 'Krakowska', 'F', 3),
(1988, 'Adam', 'Garbala', 'F', 3),
(1989, 'Paulina', 'Gazarkiewicz', 'F', 3),
(1990, 'Dawid', 'Giglewicz', 'F', 3),
(1991, 'Justyna', 'Pozarzycka', 'F', 3),
(1992, 'Amelia', 'Podlaska', 'F', 3),
(1993, 'Tomasz', 'Krupa', 'F', 3),
(1994, 'Natalia', 'Ksiazek', 'F', 3),
(1995, 'Anna', 'Dziarska', 'F', 3),
(1996, 'Ewa', 'Deska', 'F', 3),
(1997, 'Monika', 'Wasiluk', 'F', 3),
(1998, 'Jacek', 'Gibas', 'F', 3),
(1999, 'Antonina', 'Tarnacka', 'F', 3),
(2000, 'Alfred', 'Bajer', 'F', 3),
(2001, 'Kazimierz', 'Grzegorczyk', 'F', 3),
(2002, 'Krystian', 'Dziedzic', 'F', 3),
(2003, 'Jadwiga', 'Chorzowska', 'F', 3),
(2004, 'Kornel', 'Bydgoski', 'F', 3),
(2005, 'Krzysztof', 'Dudek', 'F', 3),
(2006, 'Bartosz', 'Ulewicz', 'F', 3),
(2007, 'Agata', 'Mika', 'F', 3),
(2008, 'Stefan', 'Gates', 'F', 3),
(2009, 'Roman', 'Metter', 'F', 3),
(2010, 'Wojciech', 'Otwinowski', 'F', 3),
(2011, 'Jaromir', 'Prokop', 'F', 3),
(2012, 'Greta', 'Kika', 'F', 3),
(2013, 'Anna', 'Woch', 'F', 3),
(2014, 'Amelia', 'Czarnoleska', 'F', 3),
(2015, 'Zofia', 'Banasik', 'F', 3),
(2016, 'Kamila', 'Bajurska', 'F', 3),
(2017, 'Lucyna', 'Szypulska', 'F', 3),
(2018, 'Jaromir', 'Balcerek', 'F', 3),
(2019, 'Grzegorz', 'Maszkiewicz', 'F', 3),
(2020, 'Olaf', 'Warda', 'F', 3),
(2021, 'Marcin', 'Genewski', 'F', 3),
(2022, 'Ewelina', 'Bajda', 'F', 3),
(2023, 'Adam', 'Roztoka', 'F', 3),
(2024, 'Wojciech', 'Dziedzic', 'F', 3),
(2025, 'Sylwia', 'Malik', 'F', 3),
(2026, 'Marceli', 'Balicki', 'F', 3),
(2027, 'Helena', 'Biernat', 'F', 3),
(2028, 'Jan', 'Andrut', 'F', 3),
(2029, 'Anna', 'Bujanowicz', 'F', 3),
(2030, 'Barbara', 'Babula', 'F', 3),
(2031, 'Maria', 'Jackowska', 'F', 3),
(2032, 'Wojciech', 'Kisiela', 'F', 3),
(2033, 'Mariusz', 'Bagienko', 'F', 3),
(2034, 'Jakub', 'Cymbor', 'F', 3),
(2035, 'Wiktor', 'Bela', 'F', 3),
(2036, 'Celina', 'Bardzio', 'F', 3),
(2037, 'Jerzy', 'Bugajski', 'F', 3),
(2038, 'Ilona', 'Balcerzak', 'F', 3),
(2039, 'Magdalena', 'Klekotko', 'F', 3),
(2040, 'Kacper', 'Kaliszewski', 'F', 3),
(2041, 'Ireneusz', 'Oleszko', 'F', 3),
(2042, 'Rafal', 'Koniec', 'F', 3),
(2043, 'Monika', 'Piatek', 'F', 3),
(2044, 'Robert', 'Fiksa', 'F', 3),
(2045, 'Jolanta', 'Pastuszka', 'F', 3),
(2046, 'Anastazja', 'Chojnawiak', 'F', 3),
(2047, 'Beata', 'Antoszewska', 'F', 3),
(2048, 'Kornel', 'Mielniczuk', 'F', 3),
(2049, 'Filip', 'Trawicki', 'F', 3),
(2050, 'Jan', 'Banaszkiewicz', 'F', 3),
(2051, 'Alfred', 'Mochnacki', 'F', 3),
(2052, 'Danuta', 'Bielecka', 'F', 3),
(2053, 'Adam', 'Nowak', 'F', 3),
(2054, 'Zofia', 'Augustyn', 'F', 3),
(2055, 'Tobiasz', 'Duralski', 'F', 3),
(2056, 'Dominik', 'Miszczyk', 'F', 3),
(2057, 'Edyta', 'Szelbracikowska', 'F', 3),
(2058, 'Iga', 'Srokowska', 'F', 3),
(2059, 'Marek', 'Baran', 'F', 3),
(2060, 'Tomasz', 'Augustowski', 'F', 3),
(2061, 'Bartosz', 'Banaszek', 'F', 3),
(2062, 'Maja', 'Kossakowska', 'F', 3),
(2063, 'Zofia', 'Alot', 'F', 3),
(2064, 'Zuzanna', 'Kasprzak', 'F', 3),
(2065, 'Bozena', 'Lubiatowska', 'F', 3),
(2066, 'Natalia', 'Jasik', 'F', 3),
(2067, 'Patrycja', 'Goldschmidt', 'F', 3),
(2068, 'Wojciech', 'Cichocki', 'F', 3),
(2069, 'Piotr', 'Brzozowicz', 'F', 3),
(2070, 'Tobiasz', 'Wilczko', 'F', 3),
(2071, 'Mateusz', 'Kubisiak', 'F', 3),
(2072, 'Marcin', 'Chojnik', 'F', 3),
(2073, 'Jerzy', 'Katowicki', 'F', 3),
(2074, 'Kamil', 'Zabrzowski', 'F', 3),
(2075, 'Amelia', 'Winiarczyk', 'F', 3),
(2076, 'Henryk', 'Adamiak', 'F', 3),
(2077, 'Jacek', 'Michalski', 'F', 3),
(2078, 'Alicja', 'Gazda', 'F', 3),
(2079, 'Leon', 'Baran', 'F', 3),
(2080, 'Marika', 'Kossakowska', 'F', 3),
(2081, 'Karol', 'Barszczewski', 'F', 3),
(2082, 'Piotr', 'Aleksander', 'F', 3),
(2083, 'Agnieszka', 'Bujak', 'F', 3),
(2084, 'Malgorzata', 'Tatarkiewicz', 'F', 3),
(2085, 'Maria', 'Rogowska', 'F', 3),
(2086, 'Szymon', 'Domaradzki', 'F', 3),
(2087, 'Piotr', 'Baran', 'F', 3),
(2088, 'Alicja', 'Nawoj', 'F', 3),
(2089, 'Kamil', 'Gliwicki', 'F', 3),
(2090, 'Nadia', 'Kirwiel', 'F', 3),
(2091, 'Arkadiusz', 'Amanowicz', 'F', 3),
(2092, 'Marian', 'Janik', 'F', 3),
(2093, 'Zenon', 'Buczek', 'F', 3),
(2094, 'Marta', 'Wileczko', 'F', 3),
(2095, 'Cezary', 'Barczyk', 'F', 3),
(2096, 'Zofia', 'Chojnik', 'F', 3),
(2097, 'Danuta', 'Badowska', 'F', 3),
(2098, 'Agnieszka', 'Baranowska', 'F', 3),
(2099, 'Natalia', 'Kowalska', 'F', 3),
(2100, 'Kamil', 'Chorzowski', 'F', 3),
(2101, 'Krzysztof', 'Chrzanowski', 'F', 3),
(2102, 'Dorota', 'Banach', 'F', 3),
(2103, 'Andrzej', 'Augustowski', 'F', 3),
(2104, 'Szymon', 'Bujnarowski', 'F', 3),
(2105, 'Adam', 'Jamski', 'G', 3),
(2106, 'Jerzy', 'Antczak', 'G', 3),
(2107, 'Krzysztof', 'Alot', 'G', 3),
(2108, 'Justyna', 'Kisielewska', 'G', 3),
(2109, 'Adam', 'Bahdaj', 'G', 3),
(2110, 'Andrzej', 'Ceja', 'G', 3),
(2111, 'Nadia', 'Korek', 'G', 3),
(2112, 'Maksymilian', 'Balcerzak', 'G', 3),
(2113, 'Krzysztof', 'Klepacz', 'G', 3),
(2114, 'Remigiusz', 'Kaliszewski', 'G', 3),
(2115, 'Jagoda', 'Bauer', 'G', 3),
(2116, 'Feliks', 'Bartnik', 'G', 3),
(2117, 'Vanessa', 'Edel', 'G', 3),
(2118, 'Stefan', 'Bolkowski', 'G', 3),
(2119, 'Liwia', 'Wieczerzak', 'G', 3),
(2120, 'Wojciech', 'Muchewicz', 'G', 3),
(2121, 'Lena', 'Mienik', 'G', 3),
(2122, 'Daniel', 'Bandera', 'G', 3),
(2123, 'Hanna', 'Gliwa', 'G', 3),
(2124, 'Agata', 'Nowakowicz', 'H', 3),
(2125, 'Barbara', 'Augustyniak', 'H', 3),
(2126, 'Bohdan', 'Chinski', 'H', 3),
(2127, 'Tadeusz', 'Duralski', 'H', 3),
(2128, 'Rafal', 'Bogacki', 'H', 3),
(2129, 'Jan', 'Piechalski', 'H', 3),
(2130, 'Alicja', 'Marchlewska', 'H', 3),
(2131, 'Marta', 'Bochenek', 'H', 3),
(2132, 'Edyta', 'Herman', 'H', 3),
(2133, 'Adam', 'Rychta', 'H', 3),
(2134, 'Karol', 'Bodek', 'H', 3),
(2135, 'Marek', 'Bednarski', 'H', 3),
(2136, 'Alicja', 'Wysocka', 'H', 3),
(2137, 'Marta', 'Bydgoska', 'H', 3),
(2138, 'Jagoda', 'Malczewska', 'H', 3),
(2139, 'Agnieszka', 'Andrzejewska', 'H', 3),
(2140, 'Marta', 'Bator', 'H', 3),
(2141, 'Janusz', 'Baka', 'H', 3),
(2142, 'Anna', 'Boss', 'H', 3),
(2143, 'Adam', 'Andrzejewski', 'H', 3),
(2144, 'Jegor', 'Radu', 'H', 3),
(2145, 'Jan', 'Aanusz', 'H', 3),
(2146, 'Maciej', 'Krolik', 'H', 3),
(2147, 'Zofia', 'Bikonis', 'H', 3),
(2148, 'Zenon', 'Gagatek', 'H', 3),
(2149, 'Adam', 'Aftanas', 'H', 3),
(2150, 'Klaudia', 'Skolska', 'H', 3),
(2151, 'Andrzej', 'Bydgoski', 'H', 3),
(2152, 'Mateusz', 'Krefta', 'H', 3),
(2153, 'Zofia', 'Barszcz', 'H', 3),
(2154, 'Zuzanna', 'Bajurska', 'I', 3),
(2155, 'Marcin', 'Bielawski', 'I', 3),
(2156, 'Rozalia', 'Siedlecka', 'I', 3),
(2157, 'Olga', 'Broszczak', 'I', 3),
(2158, 'Kacper', 'Lipski', 'I', 3),
(2159, 'Marek', 'Borowik', 'I', 3),
(2160, 'Janusz', 'Mazurowski', 'I', 3),
(2161, 'Marcin', 'Boruta', 'I', 3),
(2162, 'Ewa', 'Kowal', 'I', 3),
(2163, 'Karolina', 'Abak', 'I', 3),
(2164, 'Karolina', 'Adamska', 'I', 3),
(2165, 'Ewelia', 'Otwocka', 'I', 3),
(2166, 'Dominika', 'Szostakowska', 'I', 3),
(2167, 'Robert', 'Falek', 'I', 3),
(2168, 'Edward', 'Nadratowski', 'I', 3),
(2169, 'Jan', 'Borecki', 'I', 3),
(2170, 'Stefan', 'Bawarski', 'I', 3),
(2171, 'Leszek', 'Biegaj', 'I', 3),
(2172, 'Roxana', 'Forjasz', 'I', 3),
(2173, 'Mateusz', 'Buczkowski', 'I', 3),
(2174, 'Adam', 'Mazur', 'I', 3),
(2175, 'Fabian', 'Uszkiewicz', 'I', 3),
(2176, 'Janina', 'Chylak', 'I', 3),
(2177, 'Marcin', 'Aronowski', 'I', 3),
(2178, 'Tomasz', 'Boruta', 'I', 3),
(2179, 'Marcin', 'Waszkiewicz', 'I', 3),
(2180, 'Marek', 'Dziekan', 'I', 3),
(2181, 'Szczepan', 'Bansik', 'I', 3),
(2182, 'Andrzej', 'Banasiewicz', 'I', 3),
(2183, 'Piotr', 'Augustyniak', 'I', 3),
(2184, 'Tadeusz', 'Chamerski', 'I', 3),
(2185, 'Katarzyna', 'Antczak', 'I', 3),
(2186, 'Katarzyna', 'Florczuk', 'I', 3),
(2187, 'Tadeusz', 'Starachowicki', 'I', 3),
(2188, 'Wiktor', 'Adamus', 'I', 3),
(2189, 'Patrycja', 'Gren', 'I', 3),
(2190, 'Wojciech', 'Skrok', 'I', 3),
(2191, 'Mariola', 'Krupa', 'I', 3),
(2192, 'Maciej', 'Czemisow', 'I', 3),
(2193, 'Kazimierz', 'Baran', 'I', 3),
(2194, 'Patryk', 'Baranowski', 'I', 3),
(2195, 'Mariusz', 'Laskowski', 'I', 3),
(2196, 'Anna', 'Barszczewska', 'I', 3),
(2197, 'Piotr', 'Frej', 'I', 3),
(2198, 'Oliwia', 'Baranowska', 'I', 3),
(2199, 'Bogdan', 'Bosman', 'I', 3),
(2200, 'Daniel', 'Rusu', 'I', 3),
(2201, 'Filip', 'Witkowski', 'I', 3),
(2202, 'Paulina', 'Matela', 'I', 3),
(2203, 'Katarzyna', 'Oszmana', 'I', 3),
(2204, 'Maciej', 'Danilczuk', 'I', 3),
(2205, 'Agata', 'Gawkowska', 'I', 3),
(2206, 'Stefan', 'Gagatek', 'I', 3),
(2207, 'Daria', 'Mazurek', 'I', 3),
(2208, 'Roman', 'Moskiewski', 'I', 3),
(2209, 'Kornel', 'Augustowski', 'I', 3),
(2210, 'Jacek', 'Gorchalski', 'I', 3),
(2211, 'Patrycja', 'Biler', 'I', 3),
(2212, 'Ewa', 'Adamiec', 'I', 3),
(2213, 'Karol', 'Arak', 'I', 3),
(2214, 'Maciej', 'Majkut', 'I', 3),
(2215, 'Piotr', 'Czapkowski', 'I', 3),
(2216, 'Robert', 'Malik', 'I', 3),
(2217, 'Weronika', 'Talaska', 'I', 3),
(2218, 'Danuta', 'Biegaj', 'I', 3),
(2219, 'Magdalena', 'Drapella', 'I', 3),
(2220, 'Barbara', 'Chudzik', 'I', 3),
(2221, 'Wojciech', 'Czernicki', 'I', 3),
(2222, 'Maciej', 'Kucharz', 'I', 3),
(2223, 'Henryk', 'Biler', 'I', 3),
(2224, 'Maria', 'Bielec', 'I', 3),
(2225, 'Barbara', 'Kiel', 'I', 3),
(2226, 'Karolina', 'Grzegorczyk', 'I', 3),
(2227, 'Piotr', 'Specjalny', 'I', 3),
(2228, 'Julia', 'Bugajska', 'I', 3),
(2229, 'Karol', 'Bolkowski', 'I', 3),
(2230, 'Beata', 'Kukulka', 'I', 3),
(2231, 'Eliza', 'Bartosiewicz', 'I', 3),
(2232, 'Jerzy', 'Adamski', 'I', 3),
(2233, 'Marcelina', 'Bielawska', 'I', 3),
(2234, 'Nikodem', 'Grochowalski', 'I', 3),
(2235, 'Marzena', 'Ozga', 'I', 3),
(2236, 'Julia', 'Sachse', 'I', 3),
(2237, 'Dorota', 'Kulig', 'I', 3),
(2238, 'Anna', 'Potocki', 'I', 3),
(2239, 'Tomasz', 'Milde', 'I', 3),
(2240, 'Karolina', 'Kurowska', 'I', 3),
(2241, 'Piotr', 'Dab', 'I', 3),
(2242, 'Eric', 'Damian', 'I', 3),
(2243, 'Barbara', 'Aleksandrowicz', 'I', 3),
(2244, 'Piotr', 'Banach', 'I', 3),
(2245, 'Marcin', 'Bajda', 'I', 3),
(2246, 'Jakub', 'Przyborowicz', 'I', 3),
(2247, 'Piotr', 'Olitkowski', 'I', 3),
(2248, 'Mateusz', 'Jez', 'I', 3),
(2249, 'Marcelina', 'Szatkowska', 'I', 3),
(2250, 'Antoni', 'Bajda', 'I', 3),
(2251, 'Leonard', 'Banasik', 'I', 3),
(2252, 'Tadeusz', 'Rybicki', 'I', 3),
(2253, 'Szymon', 'Chomik', 'I', 3),
(2254, 'Justyna', 'Michniuk', 'I', 3),
(2255, 'Maciej', 'Marzec', 'I', 3),
(2256, 'Karolina', 'Marszalek', 'I', 3),
(2257, 'Magdalena', 'Misiak', 'I', 3),
(2258, 'Ewelina', 'Dudek', 'I', 3),
(2259, 'Patryk', 'Mazurowski', 'I', 3),
(2260, 'Agnieszka', 'Naduk', 'I', 3),
(2261, 'Feliks', 'Kraus', 'I', 3),
(2262, 'Magdalena', 'Geldner', 'I', 3),
(2263, 'Jakub', 'Prusak', 'I', 3),
(2264, 'Marzena', 'Porzucek', 'I', 3),
(2265, 'Wojciech', 'Kaliski', 'I', 3),
(2266, 'Sandra', 'Popielska', 'I', 3),
(2267, 'Agnieszka', 'Zabawna', 'I', 3),
(2268, 'Andrzej', 'Piechocki', 'I', 3),
(2269, 'Jadwiga', 'Bajer', 'I', 3),
(2270, 'Monika', 'Roztocka', 'I', 3),
(2271, 'Karolina', 'Chorzowska', 'I', 3),
(2272, 'Jakub', 'Gularek', 'I', 3),
(2273, 'Tomasz', 'Milanowski', 'I', 3),
(2274, 'Michal', 'Kiryk', 'I', 3),
(2275, 'Stefano', 'Gates', 'I', 3),
(2276, 'Katarzyna', 'Owsiak', 'I', 3),
(2277, 'Joanna', 'Mielecka', 'I', 3),
(2278, 'Monika', 'Wojciszek', 'I', 3),
(2279, 'Mateusz', 'Kucharski', 'I', 3),
(2280, 'Zofia', 'Banach', 'I', 3),
(2281, 'Grzegorz', 'Tarara', 'I', 3),
(2282, 'Mateusz', 'Krupa', 'I', 3),
(2283, 'Iwona', 'Balcerowska', 'I', 3),
(2284, 'Mateusz', 'Dutka', 'I', 3),
(2285, 'Mariusz', 'Dunal', 'I', 3),
(2286, 'Ewelina', 'Walczak', 'I', 3),
(2287, 'Piotr', 'Wiatr', 'I', 3),
(2288, 'Katarzyna', 'Bajdek', 'I', 3),
(2289, 'Dorota', 'Gawron', 'I', 3),
(2290, 'Filip', 'Chojnawiak', 'I', 3),
(2291, 'Ksawery', 'Matelski', 'I', 3),
(2292, 'Filip', 'Dratkowski', 'I', 3),
(2293, 'Urszula', 'Wamka', 'I', 3),
(2294, 'Zenon', 'Sasim', 'I', 3),
(2295, 'Marcel', 'Lelental', 'I', 3),
(2296, 'Dominika', 'Danek', 'I', 3),
(2297, 'Petronela', 'Katowicka', 'I', 3),
(2298, 'Agnieszka', 'Zawisza', 'I', 3),
(2299, 'Jan', 'Zawodnik', 'I', 3),
(2300, 'Paulina', 'Znojek', 'I', 3),
(2301, 'Konrad', 'Modzelewski', 'I', 3),
(2302, 'Zofia', 'Hajdel', 'I', 3),
(2303, 'Magdalena', 'Klimisz', 'A', 2),
(2304, 'Daniel', 'Sitarek', 'A', 2),
(2305, 'Monika', 'Chojnacka', 'A', 2),
(2306, 'Jan', 'Pengiel', 'A', 2),
(2307, 'Jan', 'Krakowski', 'A', 2),
(2308, 'Tomasz', 'Lange', 'A', 2),
(2309, 'Tomasz', 'Budny', 'A', 2),
(2310, 'Adam', 'Radomski', 'A', 2),
(2311, 'Krystyna', 'Aleksandrowicz', 'A', 2),
(2312, 'Szymon', 'Chirek', 'A', 2),
(2313, 'Nina', 'Korda', 'A', 2),
(2314, 'Patrycja', 'Golanko', 'A', 2),
(2315, 'Witold', 'Bastian', 'A', 2),
(2316, 'Kazimierz', 'Kowalczyk', 'A', 2),
(2317, 'Magdalena', 'Grzegorczyk', 'A', 2),
(2318, 'Karol', 'Zakowicz', 'A', 2),
(2319, 'Marta', 'Korbus', 'B', 2),
(2320, 'Kajetan', 'Nieradko', 'B', 2),
(2321, 'Adam', 'Bluj', 'B', 2),
(2322, 'Paulina', 'Kurowska', 'B', 2),
(2323, 'Krzysztof', 'Hentel', 'B', 2),
(2324, 'Kamila', 'Rycerz', 'B', 2),
(2325, 'Kamil', 'Barcikowski', 'B', 2),
(2326, 'Ewelina', 'Blizniak', 'B', 2),
(2327, 'Karolina', 'Bydgoska', 'B', 2),
(2328, 'Agnieszka', 'Szpila', 'B', 2),
(2329, 'Edward', 'Bzinkowski', 'B', 2),
(2330, 'Adam', 'Gates', 'B', 2),
(2331, 'Kornelia', 'Andrzejewska', 'B', 2),
(2332, 'Zofia', 'Augustowska', 'B', 2),
(2333, 'Anna', 'Bednarczyk', 'B', 2),
(2334, 'Krzysztof', 'Figurski', 'B', 2),
(2335, 'Bartosz', 'Dziubak', 'B', 2),
(2336, 'Monika', 'Jurecka', 'B', 2),
(2337, 'Norbert', 'Bolkowski', 'B', 2),
(2338, 'Fabio', 'Coco', 'B', 2),
(2339, 'Dariusz', 'Bak', 'B', 2),
(2340, 'Zenon', 'Bosman', 'B', 2),
(2341, 'Julia', 'Radosz', 'B', 2),
(2342, 'Zofia', 'Bigott', 'B', 2),
(2343, 'Piotr', 'Mrozik', 'B', 2),
(2344, 'Irena', 'Adamczyk', 'B', 2),
(2345, 'Adrian', 'Krawiec', 'B', 2),
(2346, 'Stefan', 'Barszcz', 'B', 2),
(2347, 'Oliwia', 'Gondek', 'B', 2),
(2348, 'Artur', 'Bodzioch', 'B', 2),
(2349, 'Joanna', 'Albert', 'B', 2),
(2350, 'Anna', 'Baran', 'B', 2),
(2351, 'Halina', 'Aronowska', 'B', 2),
(2352, 'Paulina', 'Baranowska', 'B', 2),
(2353, 'Dorota', 'Biegaj', 'B', 2),
(2354, 'Bartosz', 'Burka', 'B', 2),
(2355, 'Wiktor', 'Bystrzycki', 'B', 2),
(2356, 'Wiktoria', 'Chudzik', 'B', 2),
(2357, 'Maciej', 'Chwiszczuk', 'B', 2),
(2358, 'Adam', 'Czarnecki', 'B', 2),
(2359, 'Nikodem', 'Jakubowski', 'B', 2),
(2360, 'Nadia', 'Jaworska', 'B', 2),
(2361, 'Pawel', 'Kaczmarek', 'B', 2),
(2362, 'Agata', 'Kaliska', 'B', 2),
(2363, 'Marcelina', 'Karwatowska', 'B', 2),
(2364, 'Patryk', 'Katowicki', 'B', 2),
(2365, 'Jan', 'Kowalski', 'B', 2),
(2366, 'Marzena', 'Kowalski', 'B', 2),
(2367, 'Marta', 'Koza', 'B', 2),
(2368, 'Ada', 'Krawczyk', 'B', 2),
(2369, 'Janina', 'Kretowska', 'B', 2),
(2370, 'Julia', 'Machol', 'B', 2),
(2371, 'Danuta', 'Majka', 'B', 2),
(2372, 'Daniel', 'Malanowski', 'B', 2),
(2373, 'Marta', 'Morawska', 'B', 2),
(2374, 'Dawid', 'Podlasek', 'B', 2),
(2375, 'Lena', 'Radziszewska', 'B', 2),
(2376, 'Julia', 'Ramlo', 'B', 2),
(2377, 'Katarzyna', 'Ryffa', 'B', 2),
(2378, 'Maria', 'Stanulewicz', 'B', 2),
(2379, 'Anna', 'Szklarska', 'B', 2),
(2380, 'Remigiusz', 'Szostak', 'B', 2),
(2381, 'Mariola', 'Tucholska', 'B', 2),
(2382, 'Anna', 'Tylko', 'B', 2),
(2383, 'Katarzyna', 'Wolak', 'B', 2),
(2384, 'Piotr', 'Zebik', 'B', 2),
(2385, 'Roman', 'Jedlikowski', 'B', 2),
(2386, 'Nina', 'Jenda', 'B', 2),
(2387, 'Piotr', 'Barszcz', 'B', 2),
(2388, 'Michalina', 'Chojnacka', 'B', 2),
(2389, 'Piotr', 'Czekaj', 'B', 2),
(2390, 'Agnieszka', 'Gajak', 'B', 2),
(2391, 'Ilona', 'Greszczuk', 'B', 2),
(2392, 'Mateusz', 'Janczak', 'B', 2),
(2393, 'Natalia', 'Jank', 'B', 2),
(2394, 'Teresa', 'Kawa', 'B', 2),
(2395, 'Dionizy', 'Kiel', 'B', 2),
(2396, 'Adam', 'Kielecki', 'B', 2),
(2397, 'Kamil', 'Kieloch', 'B', 2),
(2398, 'Zofia', 'Kogut', 'B', 2),
(2399, 'Jolanta', 'Kot', 'B', 2),
(2400, 'Agata', 'Kowalik', 'B', 2),
(2401, 'Adam', 'Kowalski', 'B', 2),
(2402, 'Dominik', 'Kozar', 'B', 2),
(2403, 'Mariusz', 'Lach', 'B', 2),
(2404, 'Henryk', 'Lapa', 'B', 2),
(2405, 'Julia', 'Machnik', 'B', 2),
(2406, 'Katarzyna', 'Maluszkiewicz', 'B', 2),
(2407, 'Jakub', 'Marciniak', 'B', 2),
(2408, 'Magdalena', 'Pawlik', 'B', 2),
(2409, 'Adam', 'Pettka', 'B', 2),
(2410, 'Konrad', 'Pietczak', 'B', 2),
(2411, 'Joanna', 'Pietrzykowska', 'B', 2),
(2412, 'Agnieszka', 'Reterska', 'B', 2),
(2413, 'Leszek', 'Rychta', 'B', 2),
(2414, 'Magdalena', 'Salwik', 'B', 2),
(2415, 'Kamila', 'Straciuk', 'B', 2),
(2416, 'Kazimierz', 'Truszkowski', 'B', 2),
(2417, 'Alicja', 'Wojda', 'B', 2),
(2418, 'Natalia', 'Stranc', 'B', 2),
(2419, 'Zbigniew', 'Baran', 'B', 2),
(2420, 'Ewa', 'Bartel', 'B', 2),
(2421, 'Kinga', 'Chorzowska', 'B', 2),
(2422, 'Weronika', 'Domaradzka', 'B', 2),
(2423, 'Zenon', 'Biernacki', 'B', 2),
(2424, 'Maciej', 'Nagaj', 'B', 2),
(2425, 'Piotr', 'Fiebig', 'B', 2),
(2426, 'Alicja', 'Ciura', 'B', 2),
(2427, 'Jolanta', 'Lubieniecka', 'B', 2),
(2428, 'Tomasz', 'Brzoskowski', 'B', 2),
(2429, 'Regina', 'Kuberacka', 'B', 2),
(2430, 'Karolina', 'Bednarska', 'B', 2),
(2431, 'Alicja', 'Chorzowska', 'B', 2),
(2432, 'Szymon', 'Banasik', 'B', 2),
(2433, 'Bartosz', 'Bigos', 'B', 2),
(2434, 'Barbara', 'Michalska', 'B', 2),
(2435, 'Fabian', 'Sykus', 'B', 2),
(2436, 'Anna', 'Cichocka', 'B', 2),
(2437, 'Zofia', 'Korkosz', 'B', 2),
(2438, 'Jakub', 'Gigant', 'B', 2),
(2439, 'Kacper', 'Klein', 'B', 2),
(2440, 'Piotr', 'Adamski', 'B', 2),
(2441, 'Alicja', 'Pasek', 'B', 2),
(2442, 'Maciej', 'Michalik', 'B', 2),
(2443, 'Borys', 'Trafalski', 'B', 2),
(2444, 'Natan', 'Gliwa', 'B', 2),
(2445, 'Marcel', 'Markiewicz', 'B', 2),
(2446, 'Mateusz', 'Chebda', 'B', 2),
(2447, 'Justyna', 'Dziasek', 'B', 2),
(2448, 'Roman', 'Bogaczewicz', 'B', 2),
(2449, 'Dorota', 'Majewska', 'B', 2),
(2450, 'Kazimierz', 'Burda', 'B', 2),
(2451, 'Damian', 'Kowalski', 'B', 2),
(2452, 'Joanna', 'Malinowska', 'B', 2),
(2453, 'Borys', 'Szyc', 'B', 2),
(2454, 'Paulina', 'Szymanowska', 'B', 2),
(2455, 'Marek', 'Chinski', 'B', 2),
(2456, 'Jakub', 'Spanowski', 'B', 2),
(2457, 'Filip', 'Strehlke', 'B', 2),
(2458, 'Marcjusz', 'Leoniuk', 'B', 2),
(2459, 'Kornelia', 'Romanowicz', 'B', 2),
(2460, 'Daniel', 'Dawidowicz', 'B', 2),
(2461, 'Beata', 'Zaradna', 'B', 2),
(2462, 'Piotr', 'Senger', 'B', 2),
(2463, 'Emilia', 'Katowicka', 'B', 2),
(2464, 'Dominika', 'Szpiegowska', 'B', 2),
(2465, 'Jan', 'Szumilas', 'B', 2),
(2466, 'Agnieszka', 'Jakubczyk', 'B', 2),
(2467, 'Laura', 'Baranek', 'B', 2),
(2468, 'Gabriela', 'Stiburska', 'B', 2),
(2469, 'Maciej', 'Pietraszczyk', 'B', 2),
(2470, 'Olaf', 'Hinca', 'B', 2),
(2471, 'Katarzyna', 'Hertman', 'B', 2),
(2472, 'Marek', 'Augustowski', 'B', 2),
(2473, 'Danuta', 'Szargawinska', 'B', 2),
(2474, 'Agata', 'Brychcy', 'B', 2),
(2475, 'Piotr', 'Jakus', 'B', 2),
(2476, 'Jan', 'Paszkowski', 'B', 2),
(2477, 'Milena', 'Kotek', 'B', 2),
(2478, 'Stefan', 'Chodyra', 'B', 2),
(2479, 'Julia', 'Kowalczyk', 'B', 2),
(2480, 'Emil', 'Sienkiewicz', 'B', 2),
(2481, 'Tomasz', 'Borkowski', 'B', 2),
(2482, 'Jan', 'Kanty', 'B', 2),
(2483, 'Ignacy', 'Sawicki', 'B', 2),
(2484, 'Marek', 'Lach', 'B', 2),
(2485, 'Jan', 'Kulak', 'B', 2),
(2486, 'Tadeusz', 'Helski', 'B', 2),
(2487, 'Edward', 'Janas', 'B', 2),
(2488, 'Magdalena', 'Gnat', 'B', 2),
(2489, 'Kajetan', 'Zym', 'B', 2),
(2490, 'Piotr', 'Antos', 'B', 2),
(2491, 'Roman', 'Samborski', 'B', 2),
(2492, 'Marta', 'Koczakowska', 'B', 2),
(2493, 'Michal', 'Skrzyniarz', 'B', 2),
(2494, 'Barbara', 'Skowyrska', 'B', 2),
(2495, 'Karolina', 'Zakowicz', 'B', 2),
(2496, 'Angelika', 'Stech', 'B', 2),
(2497, 'Weronika', 'Sapek', 'B', 2),
(2498, 'Natalia', 'Janiszewska', 'B', 2),
(2499, 'Jacek', 'Jeschke', 'B', 2),
(2500, 'Filip', 'Skrzydlak', 'B', 2),
(2501, 'Oliwia', 'Katowicka', 'B', 2),
(2502, 'Mariusz', 'Majchrzak', 'B', 2),
(2503, 'Ewelina', 'Luzina', 'B', 2),
(2504, 'Alina', 'Palczak', 'B', 2),
(2505, 'Natalia', 'Janczak', 'B', 2),
(2506, 'Beata', 'Romanowska', 'B', 2),
(2507, 'Roman', 'Kos', 'B', 2),
(2508, 'Marcin', 'Majewski', 'B', 2),
(2509, 'Agata', 'Okulska', 'B', 2),
(2510, 'Monika', 'Jasiak', 'B', 2),
(2511, 'Anna', 'Pytka', 'B', 2),
(2512, 'Bruno', 'Lange', 'B', 2),
(2513, 'Karol', 'Budzisz', 'C', 2),
(2514, 'Aneta', 'Lubaszewska', 'C', 2),
(2515, 'Marta', 'Czarna', 'C', 2),
(2516, 'Mateusz', 'Kosz', 'C', 2),
(2517, 'Marcel', 'Lademann', 'C', 2),
(2518, 'Karol', 'Muzyka', 'C', 2),
(2519, 'Alicja', 'Rokita', 'C', 2),
(2520, 'Piotr', 'Liszewski', 'C', 2),
(2521, 'Bernard', 'Truchan', 'C', 2),
(2522, 'Mateusz', 'Karpacki', 'C', 2),
(2523, 'Ewa', 'Jaros', 'C', 2),
(2524, 'Andrzej', 'Babiarz', 'C', 2),
(2525, 'Maria', 'Golub', 'C', 2),
(2526, 'Tomasz', 'Tutaj', 'C', 2),
(2527, 'Maksymilian', 'Luksenburg', 'C', 2),
(2528, 'Agnieszka', 'Kaliska', 'C', 2),
(2529, 'Julian', 'Lisowski', 'C', 2),
(2530, 'Amelia', 'Hanke', 'C', 2),
(2531, 'Tomasz', 'Grzmil', 'C', 2),
(2532, 'Anna', 'Skiba', 'C', 2),
(2533, 'Kacper', 'Lach', 'C', 2),
(2534, 'Jan', 'Kulak', 'C', 2),
(2535, 'Morus', 'Jasiak', 'C', 2),
(2536, 'Agata', 'Wolska', 'C', 2),
(2537, 'Monika', 'Klucznik', 'C', 2),
(2538, 'Piotr', 'Skrzypek', 'C', 2),
(2539, 'Damian', 'Jakubowski', 'C', 2),
(2540, 'Dariusz', 'Jasiczek', 'C', 2),
(2541, 'Wiktor', 'Krakowski', 'C', 2),
(2542, 'Wiktoria', 'Czajkowska', 'C', 2),
(2543, 'Marek', 'Kaczmarek', 'C', 2),
(2544, 'Agnieszka', 'Kaczmarek', 'C', 2),
(2545, 'Marta', 'Kornacka', 'C', 2),
(2546, 'Luiza', 'Rakowska', 'C', 2),
(2547, 'Klaudia', 'Jarosz', 'C', 2),
(2548, 'Bartosz', 'Szmyd', 'C', 2),
(2549, 'Jerzy', 'Czajkowski', 'C', 2),
(2550, 'Julian', 'Panow', 'C', 2),
(2551, 'Sylwia', 'Kurek', 'C', 2),
(2552, 'Piotr', 'Krok', 'C', 2),
(2553, 'Weronika', 'Kowalska', 'C', 2),
(2554, 'Antoni', 'Wieruszewski', 'C', 2),
(2555, 'Maciej', 'Kwiatkowski', 'C', 2),
(2556, 'Maciej', 'Piekarski', 'C', 2),
(2557, 'Filip', 'Strojek', 'C', 2),
(2558, 'Agata', 'Kowal', 'C', 2),
(2559, 'Arkadiusz', 'Socha', 'C', 2),
(2560, 'Eulalia', 'Katowicka', 'C', 2),
(2561, 'Helena', 'Stachurska', 'C', 2),
(2562, 'Dominik', 'Strack', 'C', 2),
(2563, 'Beniamin', 'Wentland', 'C', 2),
(2564, 'Jacek', 'Kalisz', 'C', 2),
(2565, 'Nikola', 'Hinz', 'C', 2),
(2566, 'Grzegorz', 'Kaminski', 'C', 2),
(2567, 'Monika', 'Treszczotka', 'C', 2),
(2568, 'Marcin', 'Kowal', 'C', 2),
(2569, 'Karol', 'Janda', 'C', 2),
(2570, 'Wioletta', 'Hajkiewicz', 'C', 2),
(2571, 'Karol', 'Lebiodzik', 'C', 2),
(2572, 'Eustachy', 'Bydgoski', 'C', 2),
(2573, 'Maria', 'Jasiak', 'C', 2),
(2574, 'Zofia', 'Pisarek', 'C', 2),
(2575, 'Jan', 'Pawlak', 'C', 2),
(2576, 'Patryk', 'Budakiewicz', 'C', 2),
(2577, 'Jerzy', 'Szczygielski', 'C', 2),
(2578, 'Dobromir', 'Szmagawicz', 'C', 2),
(2579, 'Barbara', 'Karcz', 'C', 2),
(2580, 'Karolina', 'Gajewska', 'C', 2),
(2581, 'Karolina', 'Pawlun', 'C', 2),
(2582, 'Maja', 'Felisiak', 'C', 2),
(2583, 'Filip', 'Stencel', 'C', 2),
(2584, 'Eryk', 'Makiela', 'C', 2),
(2585, 'Natalia', 'Januszewska', 'C', 2),
(2586, 'Witold', 'Barabasz', 'C', 2),
(2587, 'Daria', 'Fryziel', 'C', 2),
(2588, 'Remigiusz', 'Bielaszewski', 'C', 2),
(2589, 'Cyprian', 'Norwid', 'C', 2),
(2590, 'Damian', 'Kaliski', 'C', 2),
(2591, 'Jerzy', 'Kielecki', 'C', 2),
(2592, 'Henryk', 'Ogonowski', 'C', 2),
(2593, 'Genowefa', 'Ziaja', 'C', 2),
(2594, 'Grzegorz', 'Holmes', 'C', 2),
(2595, 'Eugeniusz', 'Jaworski', 'C', 2),
(2596, 'Zenon', 'Jedlikowski', 'C', 2),
(2597, 'Amelia', 'Pawlikowska', 'C', 2),
(2598, 'Adam', 'Zugaj', 'C', 2),
(2599, 'Nikola', 'Nowakowska', 'C', 2),
(2600, 'Patrycja', 'Makowska', 'C', 2),
(2601, 'Daniel', 'Szwast', 'C', 2),
(2602, 'Aleks', 'Przestrzelski', 'C', 2),
(2603, 'Monika', 'Karczewska', 'C', 2),
(2604, 'Aleksander', 'Wojtaszewski', 'C', 2),
(2605, 'Krzysztof', 'Czekaj', 'C', 2),
(2606, 'Tymoteusz', 'Bielawski', 'C', 2),
(2607, 'Kinga', 'Ordecka', 'C', 2),
(2608, 'Dominika', 'Lizak', 'C', 2),
(2609, 'Anita', 'Pietrzyk', 'C', 2),
(2610, 'Adam', 'Szlachta', 'C', 2),
(2611, 'Katarzyna', 'Iwaszko', 'C', 2),
(2612, 'Karolina', 'Legnicka', 'C', 2),
(2613, 'Hanna', 'Karpik', 'C', 2),
(2614, 'Paulina', 'Lwowska', 'C', 2),
(2615, 'Wiktoria', 'Setniewska', 'C', 2),
(2616, 'Urszula', 'Cender', 'C', 2),
(2617, 'Dominik', 'Rautenberg', 'D', 2),
(2618, 'Cezary', 'Kijowski', 'D', 2),
(2619, 'Paulina', 'Suwalska', 'D', 2),
(2620, 'Helena', 'Lysiak', 'D', 2),
(2621, 'Jan', 'Kretowski', 'D', 2),
(2622, 'Jeremiasz', 'Zawidowski', 'D', 2),
(2623, 'Jan', 'Chamerski', 'D', 2),
(2624, 'Maciej', 'Kozar', 'D', 2),
(2625, 'Justyna', 'Wenecka', 'D', 2),
(2626, 'Monika', 'Lech', 'D', 2),
(2627, 'Ryszard', 'Baranowski', 'D', 2),
(2628, 'Katarzyna', 'Lopata', 'D', 2),
(2629, 'Ewelia', 'Lubelska', 'D', 2),
(2630, 'Jolanta', 'Jaros', 'D', 2),
(2631, 'Krzysztof', 'Katana', 'D', 2),
(2632, 'Maciej', 'Magulski', 'E', 2),
(2633, 'Patrycja', 'Kwiatkowska', 'E', 2),
(2634, 'Ryszard', 'Kalisz', 'E', 2),
(2635, 'Aleksandra', 'Zaremba', 'E', 2),
(2636, 'Marek', 'Krakowiak', 'E', 2),
(2637, 'Dawid', 'Stasiak', 'E', 2),
(2638, 'Jerzy', 'Majcher', 'E', 2),
(2639, 'Joanna', 'Zasada', 'E', 2),
(2640, 'Ireneusz', 'Ogonowski', 'E', 2),
(2641, 'Lena', 'Zasowska', 'E', 2),
(2642, 'Marceli', 'Nowotko', 'E', 2),
(2643, 'Elzbieta', 'Kozielczyk', 'E', 2),
(2644, 'Kamil', 'Iliew', 'E', 2),
(2645, 'Jacek', 'Maczka', 'E', 2),
(2646, 'Ewa', 'Klimaszewska', 'E', 2),
(2647, 'Magdalena', 'Machaj', 'E', 2),
(2648, 'Stefan', 'Papier', 'E', 2),
(2649, 'Maksymilian', 'Lesiak', 'E', 2),
(2650, 'Beniamin', 'Laskowski', 'F', 2),
(2651, 'Jan', 'Pilewski', 'F', 2),
(2652, 'Karol', 'Kielecki', 'F', 2),
(2653, 'Weronika', 'Derosas', 'F', 2),
(2654, 'Konrad', 'Mizerek', 'F', 2),
(2655, 'Teresa', 'Krakowska', 'F', 2),
(2656, 'Adam', 'Ziarko', 'F', 2),
(2657, 'Adelajda', 'Derek', 'F', 2),
(2658, 'Jan', 'Anusz', 'F', 2),
(2659, 'Juliusz', 'Przytkiewicz', 'F', 2),
(2660, 'Magdalena', 'Markiewicz', 'F', 2),
(2661, 'Grzegorz', 'Ziarkowski', 'F', 2),
(2662, 'Honorata', 'Siwek', 'F', 2),
(2663, 'Julian', 'Paciorek', 'F', 2),
(2664, 'Robert', 'Klimintowicz', 'F', 2),
(2665, 'Bianka', 'Szymaniak', 'F', 2),
(2666, 'Magdalena', 'Paczka', 'F', 2),
(2667, 'Bartosz', 'Magiera', 'F', 2),
(2668, 'Marcelina', 'Mroczek', 'F', 2),
(2669, 'Tymon', 'Lendzion', 'F', 2),
(2670, 'Maryla', 'Legnicka', 'F', 2),
(2671, 'Leon', 'Marcinowski', 'F', 2),
(2672, 'Szymon', 'Chabowski', 'F', 2),
(2673, 'Arleta', 'Szyma', 'F', 2),
(2674, 'Kinga', 'Osiecka', 'F', 2),
(2675, 'Ignacy', 'Sarnowski', 'F', 2),
(2676, 'Marzena', 'Stopyra', 'F', 2),
(2677, 'Paulina', 'Krakowska', 'F', 2),
(2678, 'Grzegorz', 'Specjalny', 'F', 2),
(2679, 'Magdalena', 'Korcela', 'F', 2),
(2680, 'Simon', 'Deszcz', 'F', 2),
(2681, 'Beata', 'Banasiewicz', 'F', 2),
(2682, 'Janusz', 'Ksel', 'F', 2),
(2683, 'Sebastian', 'Chojnawiak', 'F', 2),
(2684, 'Natalia', 'Kiszka', 'F', 2),
(2685, 'Kajetan', 'Wasik', 'F', 2),
(2686, 'Eleonora', 'Marzec', 'F', 2),
(2687, 'Maurycy', 'Myslicki', 'F', 2),
(2688, 'Piotr', 'Markowski', 'F', 2),
(2689, 'Katarzyna', 'Minkiewicz', 'F', 2),
(2690, 'Anastazja', 'Kucharz', 'F', 2),
(2691, 'Szymon', 'Drzewiecki', 'F', 2),
(2692, 'Maja', 'Mazurkiewicz', 'F', 2),
(2693, 'Monika', 'Mierzwa', 'F', 2),
(2694, 'Ewa', 'Polanicka', 'F', 2),
(2695, 'Grzegorz', 'Wiatroszek', 'F', 2),
(2696, 'Adam', 'Wycisk', 'F', 2),
(2697, 'Weronika', 'Piecewicz', 'F', 2),
(2698, 'Martyna', 'Tokarska', 'F', 2),
(2699, 'Anna', 'Grzywacz', 'F', 2),
(2700, 'Adam', 'Milcarz', 'F', 2),
(2701, 'Dioniza', 'Michalska', 'F', 2),
(2702, 'Zofia', 'Mazur', 'F', 2),
(2703, 'Aleksandra', 'Kubiak', 'F', 2),
(2704, 'Maria', 'Krupa', 'F', 2),
(2705, 'Katarzyna', 'Rusiniak', 'F', 2),
(2706, 'Roman', 'Wronka', 'F', 2),
(2707, 'Marcin', 'Duralski', 'F', 2),
(2708, 'Angelika', 'Walaszek', 'F', 2),
(2709, 'Agnieszka', 'Piaseczna', 'F', 2),
(2710, 'Jan', 'Gawora', 'F', 2),
(2711, 'Edrwin', 'Grzegorzewicz', 'F', 2),
(2712, 'Jakub', 'Matecki', 'F', 2),
(2713, 'Amelia', 'Windorpska', 'F', 2),
(2714, 'Marcin', 'Walkowiak', 'F', 2),
(2715, 'Zofia', 'Antonkiewicz', 'F', 2),
(2716, 'Anna', 'Kopec', 'F', 2),
(2717, 'Edyta', 'Antczak', 'F', 2),
(2718, 'Krzysztof', 'Bukowiec', 'F', 2),
(2719, 'Remigiusz', 'Filipiak', 'F', 2),
(2720, 'Tymon', 'Bobel', 'F', 2),
(2721, 'Krzysztof', 'Aleksander', 'F', 2),
(2722, 'Maja', 'Kuszner', 'F', 2),
(2723, 'Pelagia', 'Kurska', 'F', 2),
(2724, 'Laura', 'Chmielewska', 'F', 2),
(2725, 'Krzysztof', 'Koza', 'F', 2),
(2726, 'Mateusz', 'Gerono', 'F', 2),
(2727, 'Krzysztof', 'Bartnicki', 'F', 2),
(2728, 'Adam', 'Berezowski', 'F', 2),
(2729, 'Krzysztof', 'Barski', 'F', 2),
(2730, 'Zenobia', 'Bednarek', 'F', 2),
(2731, 'Arkadiusz', 'Dzwoniarek', 'F', 2),
(2732, 'Maciej', 'Kulkowska', 'F', 2),
(2733, 'Pawel', 'Gabowski', 'F', 2),
(2734, 'Andrzej', 'Kizielewicz', 'F', 2),
(2735, 'Paulina', 'Glazik', 'F', 2),
(2736, 'Erwin', 'Dab', 'F', 2),
(2737, 'Wiktoria', 'Basek', 'F', 2),
(2738, 'Magdalena', 'Chemielowska', 'F', 2),
(2739, 'Barbara', 'Adaszek', 'F', 2),
(2740, 'Julia', 'Rogowska', 'F', 2),
(2741, 'Grzegorz', 'Domaradzki', 'F', 2),
(2742, 'Halina', 'Bitner', 'F', 2),
(2743, 'Kamil', 'Napora', 'F', 2),
(2744, 'Klaudia', 'Rek', 'F', 2),
(2745, 'Sara', 'Figurska', 'F', 2),
(2746, 'Leslaw', 'Kupis', 'F', 2),
(2747, 'Dorota', 'Bilska', 'F', 2),
(2748, 'Adam', 'Bartoszek', 'F', 2),
(2749, 'Daniel', 'Chmiel', 'F', 2),
(2750, 'Roxana', 'Janicka', 'F', 2),
(2751, 'Zofia', 'Berak', 'F', 2),
(2752, 'Franciszek', 'Smoliniec', 'F', 2),
(2753, 'Justyna', 'Bedka', 'F', 2),
(2754, 'Tomasz', 'Borotko', 'F', 2),
(2755, 'Judyta', 'Kruk', 'F', 2),
(2756, 'Marek', 'Kowalczyk', 'F', 2),
(2757, 'Oliwier', 'Grzelecki', 'F', 2),
(2758, 'Agnieszka', 'Chrzanowska', 'F', 2),
(2759, 'Hanna', 'Staniszewska', 'F', 2),
(2760, 'Patryk', 'Jaskulski', 'F', 2),
(2761, 'Kamil', 'Katowicki', 'F', 2),
(2762, 'Krzysztof', 'Andrut', 'F', 2),
(2763, 'Gabriela', 'Klama', 'F', 2),
(2764, 'Edyta', 'Szewczyk', 'F', 2),
(2765, 'Adam', 'Biernacki', 'F', 2),
(2766, 'Alicja', 'Kurasik', 'F', 2),
(2767, 'Eliza', 'Bilska', 'F', 2),
(2768, 'Adrianna', 'Augystynowska', 'F', 2),
(2769, 'Celina', 'Banaszek', 'F', 2),
(2770, 'Piotr', 'Adamczyk', 'F', 2),
(2771, 'Paulina', 'Chmiel', 'F', 2),
(2772, 'Krystian', 'Kordaszewski', 'F', 2),
(2773, 'Filip', 'Stefanowski', 'F', 2),
(2774, 'Piotr', 'Olejnik', 'F', 2),
(2775, 'Marta', 'Smoliniec', 'F', 2),
(2776, 'Danuta', 'Kuc', 'F', 2),
(2777, 'Andrzej', 'Bednarczyk', 'F', 2),
(2778, 'Mateusz', 'Kowalczyk', 'F', 2),
(2779, 'Urszula', 'Bielun', 'F', 2),
(2780, 'Justyna', 'Augustowska', 'F', 2),
(2781, 'Dawid', 'Komarnicki', 'F', 2),
(2782, 'Grzegorz', 'Banel', 'F', 2),
(2783, 'Karol', 'Mieta', 'F', 2),
(2784, 'Leszek', 'Gwara', 'G', 2),
(2785, 'Ewa', 'Bulej', 'G', 2),
(2786, 'Kamil', 'Bobiak', 'G', 2),
(2787, 'Maciej', 'Cynkar', 'G', 2),
(2788, 'Karolina', 'Belgracka', 'G', 2),
(2789, 'Renata', 'Ciunajcis', 'G', 2),
(2790, 'Maria', 'Koza', 'G', 2),
(2791, 'Klaudia', 'Olewnik', 'G', 2),
(2792, 'Agnieszka', 'Konieczna', 'G', 2),
(2793, 'Kacper', 'Kulszewski', 'G', 2),
(2794, 'Karolina', 'Paszek', 'G', 2),
(2795, 'Henryk', 'Lapa', 'G', 2),
(2796, 'Pola', 'Gabrahn', 'G', 2),
(2797, 'Milena', 'Treder', 'G', 2),
(2798, 'Wojciech', 'Bilski', 'G', 2),
(2799, 'Magdalena', 'Adamczyk', 'G', 2),
(2800, 'Karol', 'Kaczmarczyk', 'G', 2),
(2801, 'Eulalia', 'Modrzejewska', 'G', 2),
(2802, 'Zenon', 'Jakubczyk', 'H', 2),
(2803, 'Piotr', 'Markowski', 'H', 2),
(2804, 'Inga', 'Bydgoska', 'H', 2),
(2805, 'Danuta', 'Stachura', 'H', 2),
(2806, 'Daniel', 'Bogacki', 'H', 2),
(2807, 'Zbigniew', 'Albert', 'H', 2),
(2808, 'Konrad', 'Drozd', 'H', 2),
(2809, 'Patryk', 'Barszcz', 'H', 2),
(2810, 'Michal', 'Kosz', 'H', 2),
(2811, 'Jakub', 'Burski', 'H', 2),
(2812, 'Jan', 'Pieczykolan', 'H', 2),
(2813, 'Beata', 'Kiedik', 'H', 2),
(2814, 'Monika', 'Antczak', 'H', 2),
(2815, 'Marek', 'Blizniak', 'H', 2),
(2816, 'Ernest', 'Gates', 'H', 2),
(2817, 'Adam', 'Berus', 'H', 2),
(2818, 'Jadwiga', 'Andrzejewicz', 'H', 2),
(2819, 'Wiktoria', 'Ciupa', 'H', 2),
(2820, 'Wojciech', 'Bartkowiak', 'H', 2),
(2821, 'Anna', 'Jaworska', 'H', 2),
(2822, 'Kamil', 'Borsuk', 'H', 2),
(2823, 'Ewa', 'Michalak', 'H', 2),
(2824, 'Szczepan', 'Majchrowicz', 'H', 2),
(2825, 'Karolina', 'Marzec', 'H', 2),
(2826, 'Alina', 'Jagodowa', 'H', 2),
(2827, 'Jan', 'Wochniak', 'H', 2),
(2828, 'Anna', 'Praska', 'H', 2),
(2829, 'Halina', 'Barszczewska', 'H', 2),
(2830, 'Olga', 'Cuper', 'H', 2),
(2831, 'Dorota', 'Wasilewska', 'H', 2),
(2832, 'Kazimiera', 'Bartosiak', 'I', 2),
(2833, 'Patryk', 'Gorazdowski', 'I', 2),
(2834, 'Andrzej', 'Kolek', 'I', 2),
(2835, 'Stefan', 'Bosman', 'I', 2),
(2836, 'Emilia', 'Szarmach', 'I', 2),
(2837, 'Piotr', 'Bydgoski', 'I', 2),
(2838, 'Magdalena', 'Osika', 'I', 2),
(2839, 'Michal', 'Biegus', 'I', 2),
(2840, 'Agata', 'Skoniecka', 'I', 2),
(2841, 'Sabina', 'Fodorowska', 'I', 2),
(2842, 'Luiza', 'Duszota', 'I', 2),
(2843, 'Ewa', 'Kaczan', 'I', 2),
(2844, 'Ireneusz', 'Augustyniak', 'I', 2),
(2845, 'Marcin', 'Wiatrowski', 'I', 2),
(2846, 'Antoni', 'Dziasek', 'I', 2),
(2847, 'Julia', 'Rewekant', 'I', 2),
(2848, 'Hanna', 'Furmaniak', 'I', 2),
(2849, 'Izabella', 'Dunaj', 'I', 2),
(2850, 'Krzysztof', 'Ksel', 'I', 2),
(2851, 'Jacek', 'Soplica', 'I', 2),
(2852, 'Maja', 'Burdalska', 'I', 2),
(2853, 'Janusz', 'Czernicki', 'I', 2),
(2854, 'Antonina', 'Koszucka', 'I', 2),
(2855, 'Michal', 'Kowal', 'I', 2),
(2856, 'Adam', 'Abramczyk', 'I', 2),
(2857, 'Karol', 'Boran', 'I', 2),
(2858, 'Krzysztof', 'Uniejewski', 'I', 2),
(2859, 'Mateusz', 'Koszlaga', 'I', 2),
(2860, 'Radoslaw', 'Gala', 'I', 2),
(2861, 'Piotr', 'Duraj', 'I', 2),
(2862, 'Krystian', 'Antos', 'I', 2),
(2863, 'Szymon', 'Dabrowski', 'I', 2),
(2864, 'Zofia', 'Krol', 'I', 2),
(2865, 'Michalina', 'Kik', 'I', 2),
(2866, 'Bohdan', 'Rozny', 'I', 2),
(2867, 'Sylwia', 'Malisz', 'I', 2),
(2868, 'Zuzanna', 'Katowicka', 'I', 2),
(2869, 'Zofia', 'Borkowska', 'I', 2),
(2870, 'Weronika', 'Dawidowska', 'I', 2),
(2871, 'Anna', 'Tokarz', 'I', 2),
(2872, 'Emilia', 'Symoszyn', 'I', 2),
(2873, 'Anita', 'Wota', 'I', 2),
(2874, 'Michal', 'Kulig', 'I', 2),
(2875, 'Kamil', 'Doroba', 'I', 2),
(2876, 'Michalina', 'Kilanowska', 'I', 2),
(2877, 'Maciej', 'Matczak', 'I', 2),
(2878, 'Karol', 'Walas', 'I', 2),
(2879, 'Victoria', 'Soja', 'I', 2),
(2880, 'Elwira', 'Bartkiewicz', 'I', 2),
(2881, 'Anna', 'Brankiewicz', 'I', 2),
(2882, 'Krzysztof', 'Bokiej', 'I', 2),
(2883, 'Arkadiusz', 'Mielczarek', 'I', 2),
(2884, 'Jerzy', 'Andrzejewicz', 'I', 2),
(2885, 'Jan', 'Adamowicz', 'I', 2),
(2886, 'Beata', 'Prosta', 'I', 2),
(2887, 'Zofia', 'Treder', 'I', 2),
(2888, 'Daria', 'Krakowska', 'I', 2),
(2889, 'Olgierd', 'Baranek', 'I', 2),
(2890, 'Szczepan', 'Bosman', 'I', 2),
(2891, 'Ryszard', 'Adamski', 'I', 2),
(2892, 'Anna', 'Barszczewska', 'I', 2),
(2893, 'Piotr', 'Kaleta', 'I', 2),
(2894, 'Adrian', 'Wojtkowiak', 'I', 2),
(2895, 'Norbert', 'Kogut', 'I', 2),
(2896, 'Jaromir', 'Boss', 'I', 2),
(2897, 'Agata', 'Laszkiewicz', 'I', 2),
(2898, 'Karol', 'Krencik', 'I', 2),
(2899, 'Jan', 'Boss', 'I', 2),
(2900, 'Irena', 'Banasiewicz', 'I', 2),
(2901, 'Jacek', 'Musial', 'I', 2),
(2902, 'Tomasz', 'Dziekan', 'I', 2),
(2903, 'Zenon', 'Kowal', 'I', 2),
(2904, 'Bohdan', 'Boss', 'I', 2),
(2905, 'Jakub', 'Engel', 'I', 2),
(2906, 'Robert', 'Miller', 'I', 2),
(2907, 'Patryk', 'Magierowicz', 'I', 2),
(2908, 'Ewa', 'Kaczan', 'I', 2),
(2909, 'Krystyna', 'Barabasz', 'I', 2),
(2910, 'Jan', 'Mirecki', 'I', 2),
(2911, 'Krystyna', 'Arak', 'I', 2),
(2912, 'Jan', 'Krupa', 'I', 2),
(2913, 'Wanda', 'Chmielewska', 'I', 2),
(2914, 'Wojciech', 'Auda', 'I', 2),
(2915, 'Emilia', 'Szajrych', 'I', 2),
(2916, 'Marcelina', 'Galas', 'I', 2),
(2917, 'Karol', 'Aderek', 'I', 2),
(2918, 'Sebastian', 'Augustowski', 'I', 2),
(2919, 'Aleksandra', 'Michalec', 'I', 2),
(2920, 'Agnieszka', 'Buk', 'I', 2),
(2921, 'Marzena', 'Koksanowicz', 'I', 2),
(2922, 'Artur', 'Lasota', 'I', 2),
(2923, 'Szymon', 'Nykiel', 'I', 2),
(2924, 'Bartosz', 'Kulka', 'I', 2),
(2925, 'Maurycy', 'Kocicki', 'I', 2),
(2926, 'Grzegorz', 'Kogut', 'I', 2),
(2927, 'Tymoteusz', 'Kret', 'I', 2),
(2928, 'Wiktor', 'Kutnowski', 'I', 2),
(2929, 'Karolina', 'Biegaj', 'I', 2),
(2930, 'Adam', 'Barczewski', 'I', 2),
(2931, 'Kazimierz', 'Przemyski', 'I', 2),
(2932, 'Janusz', 'Krakowski', 'I', 2),
(2933, 'Piotr', 'Burba', 'I', 2),
(2934, 'Zofia', 'Balcerek', 'I', 2),
(2935, 'Dariusz', 'Szumilewicz', 'I', 2),
(2936, 'Piotr', 'Krakowiak', 'I', 2),
(2937, 'Marcin', 'Kolarz', 'I', 2),
(2938, 'Piotr', 'Kowalczyk', 'I', 2),
(2939, 'Witold', 'Baranowski', 'I', 2),
(2940, 'Mariusz', 'Broszkow', 'I', 2),
(2941, 'Bohdan', 'Gigant', 'I', 2),
(2942, 'Wiktoria', 'Ciarkowska', 'I', 2),
(2943, 'Martyna', 'Rybicka', 'I', 2),
(2944, 'Edward', 'Banderas', 'I', 2),
(2945, 'Urszula', 'Frost', 'I', 2),
(2946, 'Krystyna', 'Walczakowska', 'I', 2),
(2947, 'Ernestyna', 'Katowicka', 'I', 2),
(2948, 'Zygmunt', 'Banasiewicz', 'I', 2),
(2949, 'Kamila', 'Ksiazek', 'I', 2),
(2950, 'Leon', 'Banach', 'I', 2),
(2951, 'Adrian', 'Banaszczyk', 'I', 2),
(2952, 'Iwona', 'Balcer', 'I', 2),
(2953, 'Monika', 'Szymoniak', 'I', 2),
(2954, 'Anna', 'Balicka', 'I', 2),
(2955, 'Grzegorz', 'Gates', 'I', 2),
(2956, 'Dorota', 'Mazur', 'I', 2),
(2957, 'Natalia', 'Kucharz', 'I', 2),
(2958, 'Kamila', 'Murarz', 'I', 2),
(2959, 'Maria', 'Matusz', 'I', 2),
(2960, 'Roman', 'Mieta', 'I', 2),
(2961, 'Katarzyna', 'Doszko', 'I', 2),
(2962, 'Jan', 'Gatek', 'I', 2),
(2963, 'Kacper', 'Praska', 'I', 2),
(2964, 'Justyna', 'Krynicka', 'I', 2),
(2965, 'Jakub', 'Potrawka', 'I', 2),
(2966, 'Jerzy', 'Dziasek', 'I', 2),
(2967, 'Victoria', 'Duralak', 'I', 2),
(2968, 'Wojciech', 'Drozd', 'I', 2),
(2969, 'Grzegorz', 'Gigant', 'I', 2),
(2970, 'Edward', 'Tatarynowicz', 'I', 2),
(2971, 'Kornel', 'Grzegorczyk', 'I', 2),
(2972, 'Anzelm', 'Bystrzycki', 'I', 2),
(2973, 'Marzena', 'Dudek', 'I', 2),
(2974, 'Patryk', 'Drozd', 'I', 2),
(2975, 'Tomasz', 'Michalecki', 'I', 2),
(2976, 'Lena', 'Musialska', 'I', 2),
(2977, 'Bogdan', 'Wnuk', 'I', 2),
(2978, 'Barbara', 'Kilarska', 'I', 2),
(2979, 'Piotr', 'Smutnicki', 'I', 2),
(2980, 'Dariusz', 'Mazurek', 'I', 2),
(2981, 'Wiktoria', 'Czartoryjska', 'I', 2),
(2982, 'Mariola', 'Walczakowska', 'I', 2),
(2983, 'Irena', 'Banasik', 'I', 2),
(2984, 'Anita', 'Bak', 'I', 2),
(2985, 'Olivier', 'Rutkiewicz', 'I', 2),
(2986, 'Ewelina', 'Matczuk', 'I', 2),
(2987, 'Krystian', 'Durczok', 'I', 2),
(2988, 'Bartlomiej', 'Wisnia', 'I', 2),
(2989, 'Katarzyna', 'Piekarska', 'I', 2),
(2990, 'Bogdan', 'Chmielewski', 'I', 2),
(2991, 'Maria', 'Opolska', 'I', 2),
(2992, 'Katarzyna', 'Paliniewicz', 'I', 2),
(2993, 'Weronika', 'Zawodna', 'I', 2),
(2994, 'Katarzyna', 'Galazka', 'I', 2),
(2995, 'Andrzej', 'Magiera', 'I', 2),
(2996, 'Arleta', 'Tomaszewska', 'I', 2);
INSERT INTO `uczniowie` (`id_ucznia`, `imie`, `nazwisko`, `klasa`, `rok_nauki`) VALUES
(2997, 'Jarek', 'Chmura', 'I', 2),
(2998, 'Dorian', 'Labuda', 'I', 2),
(2999, 'Kazimierz', 'Chodyra', 'I', 2),
(3000, 'Marta', 'Chybowska', 'I', 2),
(3001, 'Michal', 'Kozica', 'I', 2),
(3002, 'Natalia', 'Jakubowska', 'A', 1),
(3003, 'Oliwia', 'Grabowska', 'A', 1),
(3004, 'Krzysztof', 'Krok', 'A', 1),
(3005, 'Anna', 'Trzebnicka', 'A', 1),
(3006, 'Dominik', 'Kaczmarek', 'A', 1),
(3007, 'Michal', 'Wisniak', 'A', 1),
(3008, 'Barbara', 'Kulczewski', 'A', 1),
(3009, 'Bonifacy', 'Pieskowski', 'A', 1),
(3010, 'Leokadia', 'Bednarska', 'A', 1),
(3011, 'Katarzyna', 'Burkiewicz', 'A', 1),
(3012, 'Anna', 'Roczniak', 'A', 1),
(3013, 'Aleksandra', 'Wilk', 'A', 1),
(3014, 'Barbara', 'Banaszczyk', 'A', 1),
(3015, 'Maciej', 'Wroniszewski', 'A', 1),
(3016, 'Aleksandra', 'Kruczek', 'A', 1),
(3017, 'Roman', 'Bochnik', 'B', 1),
(3018, 'Justyna', 'Piechota', 'B', 1),
(3019, 'Oskar', 'Kenig', 'B', 1),
(3020, 'Grzegorz', 'Mazur', 'B', 1),
(3021, 'Piotr', 'Koniec', 'B', 1),
(3022, 'Katarzyna', 'Piasecka', 'B', 1),
(3023, 'Zygmunt', 'Balcerek', 'B', 1),
(3024, 'Lidia', 'Chmielarz', 'B', 1),
(3025, 'Ryszard', 'Kowalski', 'B', 1),
(3026, 'Marcel', 'Langiewicz', 'B', 1),
(3027, 'Karol', 'Gates', 'B', 1),
(3028, 'Kinga', 'Madej', 'B', 1),
(3029, 'Cecylia', 'Barszczewska', 'B', 1),
(3030, 'Ewa', 'Wichrowa', 'B', 1),
(3031, 'Stefan', 'Bajer', 'B', 1),
(3032, 'Barbara', 'Bronikowska', 'B', 1),
(3033, 'Karol', 'Bosman', 'B', 1),
(3034, 'Tomasz', 'Bielecki', 'B', 1),
(3035, 'Stefan', 'Bartoszewicz', 'B', 1),
(3036, 'Rafal', 'Piatkowiak', 'B', 1),
(3037, 'Wanessa', 'Dreger', 'B', 1),
(3038, 'Halina', 'Barszcz', 'B', 1),
(3039, 'Adrian', 'Borek', 'B', 1),
(3040, 'Katarzyna', 'Gajdanowicz', 'B', 1),
(3041, 'Oskar', 'Grabek', 'B', 1),
(3042, 'Igor', 'Grzegorczyk', 'B', 1),
(3043, 'Jan', 'Janowski', 'B', 1),
(3044, 'Jowita', 'Jasczyk', 'B', 1),
(3045, 'Agnieszka', 'Karpowicz', 'B', 1),
(3046, 'Klaudia', 'Katowicka', 'B', 1),
(3047, 'Julia', 'Kielecka', 'B', 1),
(3048, 'Jerzy', 'Kilianowski', 'B', 1),
(3049, 'Piotr', 'Kotala', 'B', 1),
(3050, 'Paula', 'Kozica', 'B', 1),
(3051, 'Beata', 'Kurkowska', 'B', 1),
(3052, 'Marcin', 'Kwiatkowski', 'B', 1),
(3053, 'Maja', 'Lejman', 'B', 1),
(3054, 'Marta', 'Lewita', 'B', 1),
(3055, 'Wioletta', 'Liszowska', 'B', 1),
(3056, 'Katarzyna', 'Miszkiewicz', 'B', 1),
(3057, 'Jan', 'Peszek', 'B', 1),
(3058, 'Jan', 'Rasiewicz', 'B', 1),
(3059, 'Piotr', 'Rokosz', 'B', 1),
(3060, 'Magdalena', 'Skrzypczyk', 'B', 1),
(3061, 'Ewa', 'Sofijska', 'B', 1),
(3062, 'Maria', 'Surowska', 'B', 1),
(3063, 'Eliza', 'Szczypior', 'B', 1),
(3064, 'Dominika', 'Szubarczyk', 'B', 1),
(3065, 'Kamila', 'Wolski', 'B', 1),
(3066, 'Anna', 'Zborowska', 'B', 1),
(3067, 'Romuald', 'Jedlikowski', 'B', 1),
(3068, 'Bartosz', 'Bentkowski', 'B', 1),
(3069, 'Agata', 'Bogatycka', 'B', 1),
(3070, 'Hanna', 'Cejrowska', 'B', 1),
(3071, 'Witold', 'Chodzicki', 'B', 1),
(3072, 'Mariusz', 'Czerkawski', 'B', 1),
(3073, 'Maciej', 'Dawidowicz', 'B', 1),
(3074, 'Piotr', 'Formela', 'B', 1),
(3075, 'Patrycja', 'Glogier', 'B', 1),
(3076, 'Jakub', 'Graczyk', 'B', 1),
(3077, 'Krzysztof', 'Hofman', 'B', 1),
(3078, 'Wojciech', 'Kalinowski', 'B', 1),
(3079, 'Hubert', 'Labryga', 'B', 1),
(3080, 'Piotr', 'Litewka', 'B', 1),
(3081, 'Maksymilian', 'Luchowski', 'B', 1),
(3082, 'Maciej', 'Macholla', 'B', 1),
(3083, 'Jacek', 'Majewski', 'B', 1),
(3084, 'Jolanta', 'Marcinkowska', 'B', 1),
(3085, 'Konrad', 'Misztal', 'B', 1),
(3086, 'Damian', 'Pakulski', 'B', 1),
(3087, 'Krystyna', 'Pleszewska', 'B', 1),
(3088, 'Maria', 'Rejkowicz', 'B', 1),
(3089, 'Bohdan', 'Sawyer', 'B', 1),
(3090, 'Katarzyna', 'Schodnik', 'B', 1),
(3091, 'Andrzej', 'Sieradzki', 'B', 1),
(3092, 'Gabriel', 'Skrodzki', 'B', 1),
(3093, 'Dorota', 'Sosnowiecka', 'B', 1),
(3094, 'Dawid', 'Szubiga', 'B', 1),
(3095, 'Filip', 'Wojtowicz', 'B', 1),
(3096, 'Barbara', 'Wpawska', 'B', 1),
(3097, 'Anatol', 'Zysk', 'B', 1),
(3098, 'Ewa', 'Rawska', 'B', 1),
(3099, 'Stefania', 'Kurdzielewicz', 'B', 1),
(3100, 'Kaja', 'Piskorska', 'B', 1),
(3101, 'Filip', 'Stangel', 'B', 1),
(3102, 'Zofia', 'Rembisz', 'B', 1),
(3103, 'Natalia', 'Jasiel', 'B', 1),
(3104, 'Kornelia', 'Katowicka', 'B', 1),
(3105, 'Kazimierz', 'Biedka', 'B', 1),
(3106, 'Wiktor', 'Szczyrkowski', 'B', 1),
(3107, 'Janusz', 'Aderek', 'B', 1),
(3108, 'Marcin', 'Baran', 'B', 1),
(3109, 'Beata', 'Katowicka', 'B', 1),
(3110, 'Piotr', 'Aleksandrowicz', 'B', 1),
(3111, 'Zuzanna', 'Bianga', 'B', 1),
(3112, 'Natalia', 'Zwolak', 'B', 1),
(3113, 'January', 'Adamczyk', 'B', 1),
(3114, 'Kryspin', 'Mielewczyk', 'B', 1),
(3115, 'Dominik', 'Koniec', 'B', 1),
(3116, 'Stefano', 'Chrust', 'B', 1),
(3117, 'Tobiasz', 'Bujalski', 'B', 1),
(3118, 'Blanka', 'Jakuszewska', 'B', 1),
(3119, 'Jan', 'Gumowski', 'B', 1),
(3120, 'Tomasz', 'Fiszer', 'B', 1),
(3121, 'Renata', 'Cybulska', 'B', 1),
(3122, 'Sebastian', 'Cebula', 'B', 1),
(3123, 'Waldemar', 'Barczyk', 'B', 1),
(3124, 'Roch', 'Bdzikot', 'B', 1),
(3125, 'Pola', 'Gadomska', 'B', 1),
(3126, 'Dorota', 'Banaszkiewicz', 'B', 1),
(3127, 'Olga', 'Jurczuk', 'B', 1),
(3128, 'Renata', 'Modrzewska', 'B', 1),
(3129, 'Natalia', 'Jakubiak', 'B', 1),
(3130, 'Anna', 'Bydgoska', 'B', 1),
(3131, 'Helena', 'Srokowska', 'B', 1),
(3132, 'Dawid', 'Jurkowski', 'B', 1),
(3133, 'Anna', 'Marciniak', 'B', 1),
(3134, 'Patryk', 'Szreder', 'B', 1),
(3135, 'Patrycja', 'Katowicka', 'B', 1),
(3136, 'Paulina', 'Kapanowska', 'B', 1),
(3137, 'Jakub', 'Reda', 'B', 1),
(3138, 'Piotr', 'Sinkiewicz', 'B', 1),
(3139, 'Natalia', 'Roman', 'B', 1),
(3140, 'Edyta', 'Kowal', 'B', 1),
(3141, 'Piotr', 'Bogasiuk', 'B', 1),
(3142, 'Lena', 'Mistat', 'B', 1),
(3143, 'Maciej', 'Siwiec', 'B', 1),
(3144, 'Anatol', 'Kowalski', 'B', 1),
(3145, 'Daniel', 'Skrzypczak', 'B', 1),
(3146, 'Maja', 'Katende', 'B', 1),
(3147, 'Piotr', 'Brzeski', 'B', 1),
(3148, 'Malwina', 'Skierniewicka', 'B', 1),
(3149, 'Konrad', 'Plichta', 'B', 1),
(3150, 'Karol', 'Antos', 'B', 1),
(3151, 'Natalia', 'Janocha', 'B', 1),
(3152, 'Olaf', 'Irek', 'B', 1),
(3153, 'Robert', 'Lech', 'B', 1),
(3154, 'Anna', 'Litwin', 'B', 1),
(3155, 'Robert', 'Soski', 'B', 1),
(3156, 'Paulina', 'Jagos', 'B', 1),
(3157, 'Jan', 'Marasek', 'B', 1),
(3158, 'Piotr', 'Bansik', 'B', 1),
(3159, 'Marek', 'Chojnacki', 'B', 1),
(3160, 'Oliwia', 'Zacharska', 'B', 1),
(3161, 'Tomasz', 'Iwanowski', 'B', 1),
(3162, 'Justyna', 'Laskowska', 'B', 1),
(3163, 'Amelia', 'Wendt', 'B', 1),
(3164, 'Alicja', 'Pisarska', 'B', 1),
(3165, 'Amadeusz', 'Helski', 'B', 1),
(3166, 'Katarzyna', 'Kwiatkowska', 'B', 1),
(3167, 'Teresa', 'Zeller', 'B', 1),
(3168, 'Szymon', 'Grzeskowiak', 'B', 1),
(3169, 'Tadeusz', 'Sadza', 'B', 1),
(3170, 'Piotr', 'Kowalski', 'B', 1),
(3171, 'Mateusz', 'Karpowicz', 'B', 1),
(3172, 'Grzegorz', 'Wiss', 'B', 1),
(3173, 'Hanna', 'Kowalska', 'B', 1),
(3174, 'Oliwia', 'Grabania', 'B', 1),
(3175, 'Jowita', 'Kot', 'B', 1),
(3176, 'Anna', 'Engel', 'B', 1),
(3177, 'Anatol', 'Janasik', 'B', 1),
(3178, 'Sonia', 'Tupko', 'B', 1),
(3179, 'Anna', 'Kaliska', 'B', 1),
(3180, 'Monika', 'Gnat', 'B', 1),
(3181, 'Jan', 'Chrust', 'B', 1),
(3182, 'Dorota', 'Ozog', 'B', 1),
(3183, 'Ignacy', 'Szczerek', 'B', 1),
(3184, 'Sebastian', 'Sabatowicz', 'B', 1),
(3185, 'Hanna', 'Katowicka', 'B', 1),
(3186, 'Szymon', 'Sar', 'B', 1),
(3187, 'Beata', 'Kejza', 'B', 1),
(3188, 'Igor', 'Rybienik', 'B', 1),
(3189, 'Robert', 'Ptaszek', 'B', 1),
(3190, 'Karolina', 'Plawgo', 'B', 1),
(3191, 'Tomasz', 'Siwiec', 'B', 1),
(3192, 'Maciej', 'Leniak', 'B', 1),
(3193, 'Maciej', 'Glowa', 'B', 1),
(3194, 'Katarzyna', 'Piotrkowska', 'B', 1),
(3195, 'Julian', 'Paszkiewicz', 'B', 1),
(3196, 'Piotr', 'Odolanowski', 'B', 1),
(3197, 'Kinga', 'Wieman', 'B', 1),
(3198, 'Emilia', 'Kluziak', 'B', 1),
(3199, 'Adam', 'Radziejowski', 'B', 1),
(3200, 'Jakub', 'Radziun', 'B', 1),
(3201, 'Jolanta', 'Adamowicz', 'B', 1),
(3202, 'Wojciech', 'Jagielski', 'B', 1),
(3203, 'Anna', 'Siwik', 'B', 1),
(3204, 'Marta', 'Sawko', 'B', 1),
(3205, 'Szymon', 'Henrykowski', 'B', 1),
(3206, 'Marcel', 'Laskowski', 'C', 1),
(3207, 'Norbert', 'Sochacki', 'C', 1),
(3208, 'Jacek', 'Pietkiewicz', 'C', 1),
(3209, 'Klaudia', 'Olstowska', 'C', 1),
(3210, 'Maksymilian', 'Kajetanowicz', 'C', 1),
(3211, 'Jan', 'Orlik', 'C', 1),
(3212, 'Grzegorz', 'Katowicki', 'C', 1),
(3213, 'Sebastian', 'Jarosiewicz', 'C', 1),
(3214, 'Adrian', 'Zaprawa', 'C', 1),
(3215, 'Maksymilian', 'Lojewski', 'C', 1),
(3216, 'Kalina', 'Piskor', 'C', 1),
(3217, 'Maciej', 'Nesterowicz', 'C', 1),
(3218, 'Jacek', 'Robak', 'C', 1),
(3219, 'Dagmara', 'Bielawska', 'C', 1),
(3220, 'Aleksander', 'Teodorowski', 'C', 1),
(3221, 'Jan', 'Jowialski', 'C', 1),
(3222, 'Danuta', 'Grdulska', 'C', 1),
(3223, 'Grzegorz', 'Celej', 'C', 1),
(3224, 'Adam', 'Zega', 'C', 1),
(3225, 'Dawid', 'Jakus', 'C', 1),
(3226, 'Mieszko', 'Ossowski', 'C', 1),
(3227, 'Ewelina', 'Grabowska', 'C', 1),
(3228, 'Wiktor', 'Szlage', 'C', 1),
(3229, 'Jakub', 'Kurowski', 'C', 1),
(3230, 'Konstanty', 'Kowalski', 'C', 1),
(3231, 'Agnieszka', 'Mroczka', 'C', 1),
(3232, 'Julianna', 'Korenkiewicz', 'C', 1),
(3233, 'Julia', 'Riegel', 'C', 1),
(3234, 'Marcel', 'Lehmann', 'C', 1),
(3235, 'Adam', 'Wosiak', 'C', 1),
(3236, 'Olgierd', 'Ropiak', 'C', 1),
(3237, 'Adam', 'Degowski', 'C', 1),
(3238, 'Jan', 'Chrust', 'C', 1),
(3239, 'Joanna', 'Patrycy', 'C', 1),
(3240, 'Barbara', 'Karbowiak', 'C', 1),
(3241, 'Romuald', 'Sieduszewski', 'C', 1),
(3242, 'Malgorzata', 'Herman', 'C', 1),
(3243, 'Weronika', 'Dabkiewicz', 'C', 1),
(3244, 'Bernard', 'Kajetanowicz', 'C', 1),
(3245, 'Patrycja', 'Kaczorek', 'C', 1),
(3246, 'Jakub', 'Holmes', 'C', 1),
(3247, 'Karol', 'Rolek', 'C', 1),
(3248, 'Agnieszka', 'Glowaj', 'C', 1),
(3249, 'Krzysztof', 'Samuel', 'C', 1),
(3250, 'Barbara', 'Sarek', 'C', 1),
(3251, 'Piotr', 'Wolszczyniak', 'C', 1),
(3252, 'Krzysztof', 'Kostrzewa', 'C', 1),
(3253, 'Alfred', 'Kowalski', 'C', 1),
(3254, 'Jakub', 'Sadcza', 'C', 1),
(3255, 'Ewelina', 'Bulwan', 'C', 1),
(3256, 'Henryk', 'Misztal', 'C', 1),
(3257, 'Anna', 'Kowalczyk', 'C', 1),
(3258, 'Ilona', 'Turska', 'C', 1),
(3259, 'Paulina', 'Katowicka', 'C', 1),
(3260, 'Paulina', 'Galla', 'C', 1),
(3261, 'Augusta', 'Kowalska', 'C', 1),
(3262, 'Jerzy', 'Kaliski', 'C', 1),
(3263, 'Filip', 'Kornatowski', 'C', 1),
(3264, 'Kazimierz', 'Stawikowski', 'C', 1),
(3265, 'Marceli', 'Kowalski', 'C', 1),
(3266, 'Bartosz', 'Kielecki', 'C', 1),
(3267, 'Kacper', 'Smutniewicz', 'C', 1),
(3268, 'Julia', 'Safianowska', 'C', 1),
(3269, 'Makary', 'Makasewicz', 'C', 1),
(3270, 'Dawid', 'Pyrzanowski', 'C', 1),
(3271, 'Cezary', 'Grochot', 'C', 1),
(3272, 'Weronika', 'Daczkowska', 'C', 1),
(3273, 'Dorota', 'Misiek', 'C', 1),
(3274, 'Zenon', 'Kos', 'C', 1),
(3275, 'Jacek', 'Wojtas', 'C', 1),
(3276, 'Emilia', 'Juralewicz', 'C', 1),
(3277, 'Marzena', 'Karpek', 'C', 1),
(3278, 'Kinga', 'Junak', 'C', 1),
(3279, 'Klaudiusz', 'Morawski', 'C', 1),
(3280, 'Julia', 'Sobol', 'C', 1),
(3281, 'Zenon', 'Celej', 'C', 1),
(3282, 'Irmina', 'Jakubczyk', 'C', 1),
(3283, 'Mateusz', 'Kowalik', 'C', 1),
(3284, 'Grzegorz', 'Kaliski', 'C', 1),
(3285, 'Jerzy', 'Kowalczyk', 'C', 1),
(3286, 'Dominika', 'Sznejder', 'C', 1),
(3287, 'Andrzej', 'Florek', 'C', 1),
(3288, 'Konstanty', 'Piekarz', 'C', 1),
(3289, 'Hanna', 'Steinhardt', 'C', 1),
(3290, 'Mateusz', 'Miturski', 'C', 1),
(3291, 'Maciej', 'Kalitowski', 'C', 1),
(3292, 'Dominik', 'Janczak', 'C', 1),
(3293, 'Arnold', 'Barbucha', 'C', 1),
(3294, 'Joanna', 'Kowal', 'C', 1),
(3295, 'Mateusz', 'Szablewski', 'C', 1),
(3296, 'Wojciech', 'Helski', 'C', 1),
(3297, 'Karol', 'Chmielewski', 'C', 1),
(3298, 'Stefan', 'Rengifo', 'C', 1),
(3299, 'Anna', 'Nosek', 'C', 1),
(3300, 'Hanna', 'Sterlingow', 'C', 1),
(3301, 'Grzegorz', 'Czerkasow', 'C', 1),
(3302, 'Diana', 'Rolecka', 'C', 1),
(3303, 'Emilia', 'Sypniewska', 'C', 1),
(3304, 'Piotr', 'Kaczocha', 'C', 1),
(3305, 'Grzegorz', 'Kwiatkowski', 'D', 1),
(3306, 'Agata', 'Zaniewska', 'D', 1),
(3307, 'Pola', 'Gachewicz', 'D', 1),
(3308, 'Szymon', 'Modzelewski', 'D', 1),
(3309, 'Leszek', 'Pigulski', 'D', 1),
(3310, 'Henryk', 'Hentel', 'D', 1),
(3311, 'Anna', 'Ukomska', 'D', 1),
(3312, 'Iza', 'Janasik', 'D', 1),
(3313, 'Artur', 'Kral', 'D', 1),
(3314, 'Julia', 'Sautycz', 'D', 1),
(3315, 'Mateusz', 'Kurczak', 'D', 1),
(3316, 'Maja', 'Abrich', 'D', 1),
(3317, 'Wiktoria', 'Sznyrowska', 'E', 1),
(3318, 'Barbara', 'Barcik', 'E', 1),
(3319, 'Bogdan', 'Kwiatkowski', 'E', 1),
(3320, 'Mateusz', 'Zwolak', 'E', 1),
(3321, 'Kinga', 'Maczek', 'E', 1),
(3322, 'Anita', 'Kot', 'E', 1),
(3323, 'Anna', 'Idzik', 'E', 1),
(3324, 'Joanna', 'Sadowska', 'E', 1),
(3325, 'Wojciech', 'Rygielski', 'E', 1),
(3326, 'Jakub', 'Major', 'E', 1),
(3327, 'Grzegorz', 'Karpacki', 'E', 1),
(3328, 'Ewelina', 'Ziomek', 'E', 1),
(3329, 'Lech', 'Buski', 'E', 1),
(3330, 'Bartosz', 'Olszewski', 'E', 1),
(3331, 'Konstancja', 'Kowalska', 'E', 1),
(3332, 'Dominika', 'Piskorz', 'E', 1),
(3333, 'Aleksandra', 'Krawczyk', 'F', 1),
(3334, 'Stefania', 'Chaberek', 'F', 1),
(3335, 'Michalina', 'Krakowska', 'F', 1),
(3336, 'Zuzanna', 'Karewicz', 'F', 1),
(3337, 'Karolina', 'Antos', 'F', 1),
(3338, 'Oliwier', 'Okroj', 'F', 1),
(3339, 'Jan', 'Abrich', 'F', 1),
(3340, 'Iwona', 'Jakubczyk', 'F', 1),
(3341, 'Anna', 'Zaleska', 'F', 1),
(3342, 'Natalia', 'Kaczorowska', 'F', 1),
(3343, 'Aleksandra', 'Zagierska', 'F', 1),
(3344, 'Julia', 'Machalski', 'F', 1),
(3345, 'Natalia', 'Kopacz', 'F', 1),
(3346, 'Adam', 'Sycowski', 'F', 1),
(3347, 'Ewa', 'Klucznik', 'F', 1),
(3348, 'Anna', 'Malinowska', 'F', 1),
(3349, 'Pelagia', 'Zajac', 'F', 1),
(3350, 'Jakub', 'Pisowacki', 'F', 1),
(3351, 'Michalina', 'Mamzer', 'F', 1),
(3352, 'Aneta', 'Grochola', 'F', 1),
(3353, 'Krzysztof', 'Kozielczyk', 'F', 1),
(3354, 'Bogdan', 'Inny', 'F', 1),
(3355, 'Ewa', 'Mordak', 'F', 1),
(3356, 'Mateusz', 'Motykiewicz', 'F', 1),
(3357, 'Kacper', 'Orczakowski', 'F', 1),
(3358, 'Marcin', 'Szulgo', 'F', 1),
(3359, 'Jacek', 'Laskowski', 'F', 1),
(3360, 'Adam', 'Holmes', 'F', 1),
(3361, 'Lech', 'Aronowski', 'F', 1),
(3362, 'Weronika', 'Makowska', 'F', 1),
(3363, 'Adam', 'Adamowicz', 'F', 1),
(3364, 'Jacek', 'Ozog', 'F', 1),
(3365, 'Natalia', 'Kozica', 'F', 1),
(3366, 'Paula', 'Margalska', 'F', 1),
(3367, 'Amadeusz', 'Zimnowoda', 'F', 1),
(3368, 'Matylda', 'Jasiak', 'F', 1),
(3369, 'Adam', 'Krakowski', 'F', 1),
(3370, 'Damian', 'Paprocki', 'F', 1),
(3371, 'Weronika', 'Mrowicka', 'F', 1),
(3372, 'Jakub', 'Rombel', 'F', 1),
(3373, 'Jacek', 'Maj', 'F', 1),
(3374, 'Sebastian', 'Badowski', 'F', 1),
(3375, 'Antoni', 'Banasik', 'F', 1),
(3376, 'Jowita', 'Szymczyk', 'F', 1),
(3377, 'Lena', 'Mielewczyk', 'F', 1),
(3378, 'Ewelina', 'Michalska', 'F', 1),
(3379, 'Roman', 'Mazgaj', 'F', 1),
(3380, 'Jakub', 'Mazur', 'F', 1),
(3381, 'Zbigniew', 'Kunka', 'F', 1),
(3382, 'Jagoda', 'Kulka', 'F', 1),
(3383, 'Krzysztof', 'Mater', 'F', 1),
(3384, 'Jan', 'Nadolicki', 'F', 1),
(3385, 'Sambor', 'Dombrowski', 'F', 1),
(3386, 'Ewelina', 'Kras', 'F', 1),
(3387, 'Jacek', 'Propolska', 'F', 1),
(3388, 'Beata', 'Krakowska', 'F', 1),
(3389, 'Adelajda', 'Ustka', 'F', 1),
(3390, 'Izabela', 'Porydzaj', 'F', 1),
(3391, 'Zofia', 'Kuchta', 'F', 1),
(3392, 'Anna', 'Pomorska', 'F', 1),
(3393, 'Mariusz', 'Pryk', 'F', 1),
(3394, 'Anna', 'Postawka', 'F', 1),
(3395, 'Robert', 'Duniak', 'F', 1),
(3396, 'Iwo', 'Wanicki', 'F', 1),
(3397, 'Aleksander', 'Gawinkowski', 'F', 1),
(3398, 'Aleksandra', 'Rosa', 'F', 1),
(3399, 'Piotr', 'Miklas', 'F', 1),
(3400, 'Marek', 'Kulik', 'F', 1),
(3401, 'Dorota', 'Drozd', 'F', 1),
(3402, 'Jan', 'Muraszkowski', 'F', 1),
(3403, 'Jolanta', 'Kinda', 'F', 1),
(3404, 'Amelia', 'Witka', 'F', 1),
(3405, 'Lena', 'Mielcarz', 'F', 1),
(3406, 'Krzesimir', 'Smoktunowicz', 'F', 1),
(3407, 'Izabela', 'Ostwald', 'F', 1),
(3408, 'Marcin', 'Walczak', 'F', 1),
(3409, 'Wanda', 'Banaczek', 'F', 1),
(3410, 'Kornelia', 'Durka', 'F', 1),
(3411, 'Dominika', 'Dul', 'F', 1),
(3412, 'Bartosz', 'Tichoniuk', 'F', 1),
(3413, 'Tadeusz', 'Kruczek', 'F', 1),
(3414, 'Roman', 'Chojnacki', 'F', 1),
(3415, 'Monika', 'Drabik', 'F', 1),
(3416, 'Jakub', 'Piecuch', 'F', 1),
(3417, 'Adam', 'Augustowski', 'F', 1),
(3418, 'Anatol', 'Mieta', 'F', 1),
(3419, 'Emilia', 'Sykut', 'F', 1),
(3420, 'Lena', 'Jama', 'F', 1),
(3421, 'Justyna', 'Guzik', 'F', 1),
(3422, 'Kornelia', 'Obarowska', 'F', 1),
(3423, 'Piotr', 'Andrut', 'F', 1),
(3424, 'Krzysztof', 'Niewiara', 'F', 1),
(3425, 'Zofia', 'Cedro', 'F', 1),
(3426, 'Marta', 'Cieplik', 'F', 1),
(3427, 'Nadia', 'Jurewicz', 'F', 1),
(3428, 'Monika', 'Kordek', 'F', 1),
(3429, 'Celina', 'Batycka', 'F', 1),
(3430, 'Jan', 'Adamiec', 'F', 1),
(3431, 'Rudolf', 'Bolkowski', 'F', 1),
(3432, 'Andrzej', 'Lapa', 'F', 1),
(3433, 'Artur', 'Widelski', 'F', 1),
(3434, 'Antonina', 'Tarnowska', 'F', 1),
(3435, 'Laura', 'Mucha', 'F', 1),
(3436, 'Stach', 'Bilski', 'F', 1),
(3437, 'Krzysztof', 'Adamczyk', 'F', 1),
(3438, 'Agnieszka', 'Kaczmar', 'F', 1),
(3439, 'Natalia', 'Jakubczyk', 'F', 1),
(3440, 'Zuzanna', 'Bielicka', 'F', 1),
(3441, 'Oskar', 'Bednarzewski', 'F', 1),
(3442, 'Laura', 'Markowski', 'F', 1),
(3443, 'Antonina', 'Bydgoska', 'F', 1),
(3444, 'Jan', 'Katowicki', 'F', 1),
(3445, 'Grzegorz', 'Skabara', 'F', 1),
(3446, 'Michalina', 'Kirwiel', 'F', 1),
(3447, 'Oskar', 'Adamczyk', 'F', 1),
(3448, 'Dorota', 'Cichawa', 'F', 1),
(3449, 'Anna', 'Kordaszewska', 'F', 1),
(3450, 'Renata', 'Stefan', 'F', 1),
(3451, 'Wiktor', 'Baszanowski', 'F', 1),
(3452, 'Grzegorz', 'Barszczewski', 'F', 1),
(3453, 'Zyta', 'Barcikowska', 'F', 1),
(3454, 'Klaudia', 'Olech', 'F', 1),
(3455, 'Karol', 'Badaszek', 'F', 1),
(3456, 'Piotr', 'Barankiewicz', 'F', 1),
(3457, 'Andrzej', 'Dudek', 'F', 1),
(3458, 'Agata', 'Knap', 'F', 1),
(3459, 'Alicja', 'Wronska', 'F', 1),
(3460, 'Adam', 'Bielski', 'F', 1),
(3461, 'Irma', 'Augustowska', 'F', 1),
(3462, 'Maria', 'Kowalska', 'F', 1),
(3463, 'Edyta', 'Ewertowska', 'F', 1),
(3464, 'Krystian', 'Zychowicz', 'F', 1),
(3465, 'Adam', 'Komarnicki', 'F', 1),
(3466, 'Grzegorz', 'Banderas', 'F', 1),
(3467, 'Antoni', 'Rembiewski', 'F', 1),
(3468, 'Antoni', 'Winiarski', 'F', 1),
(3469, 'Hanna', 'Bernacik', 'F', 1),
(3470, 'Dorota', 'Chojnawiak', 'F', 1),
(3471, 'Jakub', 'Dab', 'F', 1),
(3472, 'Ewa', 'Aderek', 'F', 1),
(3473, 'Dominika', 'Skaczkowska', 'F', 1),
(3474, 'Selena', 'Figurska', 'F', 1),
(3475, 'Justyna', 'Bartoszek', 'F', 1),
(3476, 'Milena', 'Kass', 'F', 1),
(3477, 'Maksymilian', 'Cicherski', 'F', 1),
(3478, 'Krystyna', 'Lubiatowska', 'F', 1),
(3479, 'Anita', 'Berezowska', 'F', 1),
(3480, 'Malwina', 'Golonka', 'F', 1),
(3481, 'Dorota', 'Cichosz', 'F', 1),
(3482, 'Tomasz', 'Batko', 'F', 1),
(3483, 'Tymon', 'Borowiec', 'F', 1),
(3484, 'Damian', 'Dudek', 'F', 1),
(3485, 'Lena', 'Knapik', 'F', 1),
(3486, 'Barbara', 'Wrzeszcz', 'F', 1),
(3487, 'Mateusz', 'Kruk', 'F', 1),
(3488, 'Igor', 'Grzesiak', 'F', 1),
(3489, 'Cezary', 'Falek', 'F', 1),
(3490, 'Kamil', 'Adamiec', 'F', 1),
(3491, 'Wojciech', 'Michalski', 'F', 1),
(3492, 'Magdalena', 'Zygmunt', 'F', 1),
(3493, 'Liliana', 'Gdaniec', 'F', 1),
(3494, 'Kamil', 'Bigaj', 'F', 1),
(3495, 'Adam', 'Antos', 'F', 1),
(3496, 'Jerzy', 'Sylwar', 'F', 1),
(3497, 'Jan', 'Babula', 'G', 1),
(3498, 'Kornelia', 'Jackowska', 'G', 1),
(3499, 'Gerard', 'Kopycki', 'G', 1),
(3500, 'Andrzej', 'Obornicki', 'G', 1),
(3501, 'Anna', 'Firlej', 'G', 1),
(3502, 'Gabriela', 'Niewierowska', 'G', 1),
(3503, 'Marcin', 'Kutnik', 'G', 1),
(3504, 'Monika', 'Kurylek', 'G', 1),
(3505, 'Adrian', 'Jurkowiak', 'G', 1),
(3506, 'Jolanta', 'Baron', 'G', 1),
(3507, 'Natalia', 'Chmielewska', 'G', 1),
(3508, 'Joanna', 'Gerwazy', 'G', 1),
(3509, 'Renata', 'Piatek', 'G', 1),
(3510, 'Zenon', 'Barski', 'G', 1),
(3511, 'Zenon', 'Bednarek', 'G', 1),
(3512, 'Hanna', 'Filarska', 'G', 1),
(3513, 'Leon', 'Adamski', 'G', 1),
(3514, 'Anna', 'Anusz', 'G', 1),
(3515, 'Maciej', 'Bielecki', 'G', 1),
(3516, 'Adam', 'Spawacz', 'H', 1),
(3517, 'Jan', 'Bek', 'H', 1),
(3518, 'Anna', 'Basiak', 'H', 1),
(3519, 'Bartosz', 'Majcherczyk', 'H', 1),
(3520, 'Tomasz', 'Bartusiak', 'H', 1),
(3521, 'Kamil', 'Baran', 'H', 1),
(3522, 'Ewa', 'Kaczan', 'H', 1),
(3523, 'Zenon', 'Barcikowski', 'H', 1),
(3524, 'Wojciech', 'Polkowicki', 'H', 1),
(3525, 'Kamila', 'Bugajno', 'H', 1),
(3526, 'Igor', 'Banasik', 'H', 1),
(3527, 'Dawid', 'Szpyrka', 'H', 1),
(3528, 'Krystyna', 'Blacharz', 'H', 1),
(3529, 'Teresa', 'Cagara', 'H', 1),
(3530, 'Bogdan', 'Badowski', 'H', 1),
(3531, 'Agnieszka', 'Bartnicka', 'H', 1),
(3532, 'Jedrzej', 'Mazur', 'H', 1),
(3533, 'Magdalena', 'Adamus', 'H', 1),
(3534, 'Ewelia', 'Augustowska', 'H', 1),
(3535, 'Anna', 'Augustowska', 'H', 1),
(3536, 'Tomasz', 'Szostek', 'H', 1),
(3537, 'Martyna', 'Kmiecik', 'H', 1),
(3538, 'Patryk', 'Dziedzic', 'H', 1),
(3539, 'Szymon', 'Conder', 'H', 1),
(3540, 'Agnieszka', 'Janeczek', 'H', 1),
(3541, 'Milena', 'Karolewska', 'H', 1),
(3542, 'Marta', 'Kaleta', 'H', 1),
(3543, 'Stefano', 'Gates', 'H', 1),
(3544, 'Marcin', 'Madrycki', 'H', 1),
(3545, 'Konrad', 'Mika', 'H', 1),
(3546, 'Bartosz', 'Tysarczyk', 'H', 1),
(3547, 'Tomasz', 'Misiak', 'H', 1),
(3548, 'Krzysztof', 'Suszko', 'H', 1),
(3549, 'Jacek', 'Ligman', 'I', 1),
(3550, 'Piotr', 'Prokop', 'I', 1),
(3551, 'Iwo', 'Bednarz', 'I', 1),
(3552, 'Piotr', 'Drozd', 'I', 1),
(3553, 'Patryk', 'Kuban', 'I', 1),
(3554, 'Maciej', 'Sadecki', 'I', 1),
(3555, 'Marzena', 'Kokoryk', 'I', 1),
(3556, 'Jadwiga', 'Podstawa', 'I', 1),
(3557, 'Robert', 'Bilszta', 'I', 1),
(3558, 'Gabriela', 'Sonnenfeld', 'I', 1),
(3559, 'Marta', 'Cichowlas', 'I', 1),
(3560, 'Witold', 'Antos', 'I', 1),
(3561, 'Stefan', 'Batory', 'I', 1),
(3562, 'Adam', 'Bielawski', 'I', 1),
(3563, 'Artur', 'Budziak', 'I', 1),
(3564, 'Karol', 'Mystkowski', 'I', 1),
(3565, 'Nicola', 'Gliwa', 'I', 1),
(3566, 'Krystyna', 'Bartosz', 'I', 1),
(3567, 'Zofia', 'Barwicka', 'I', 1),
(3568, 'Maksymilian', 'Dudek', 'I', 1),
(3569, 'Jan', 'Busz', 'I', 1),
(3570, 'Agnieszka', 'Antos', 'I', 1),
(3571, 'Janusz', 'Rozwalka', 'I', 1),
(3572, 'Wanda', 'Gardynik', 'I', 1),
(3573, 'Ksawery', 'Matusiewicz', 'I', 1),
(3574, 'Natalia', 'Richter', 'I', 1),
(3575, 'Marian', 'Antoni', 'I', 1),
(3576, 'Maja', 'Krutul', 'I', 1),
(3577, 'Justyna', 'Krakowska', 'I', 1),
(3578, 'Joanna', 'Bednarz', 'I', 1),
(3579, 'Julianna', 'Knut', 'I', 1),
(3580, 'Karol', 'Adam', 'I', 1),
(3581, 'Natalia', 'Ponomar', 'I', 1),
(3582, 'Janusz', 'Warnawin', 'I', 1),
(3583, 'Stefania', 'Baranowska', 'I', 1),
(3584, 'Paulina', 'Banasiak', 'I', 1),
(3585, 'Patrycja', 'Czarnoleska', 'I', 1),
(3586, 'Maja', 'Kosztela', 'I', 1),
(3587, 'Natalia', 'Bydgoska', 'I', 1),
(3588, 'Kamil', 'Wanik', 'I', 1),
(3589, 'Julia', 'Sawicka', 'I', 1),
(3590, 'Agnieszka', 'Stempniewicz', 'I', 1),
(3591, 'Andrzej', 'Mikszta', 'I', 1),
(3592, 'Kornel', 'Henrykowski', 'I', 1),
(3593, 'Bartlomiej', 'Blizniak', 'I', 1),
(3594, 'Kornel', 'Gorzowski', 'I', 1),
(3595, 'Joanna', 'Chorzowska', 'I', 1),
(3596, 'Adam', 'Tkacz', 'I', 1),
(3597, 'Andrzej', 'Biegaj', 'I', 1),
(3598, 'Wanda', 'Grzywacz', 'I', 1),
(3599, 'Paulina', 'Chorzowska', 'I', 1),
(3600, 'Maria', 'Broner', 'I', 1),
(3601, 'Piotr', 'Filarski', 'I', 1),
(3602, 'Ewa', 'Bartel', 'I', 1),
(3603, 'Bartosz', 'Banaszkiewicz', 'I', 1),
(3604, 'Piotr', 'Gawora', 'I', 1),
(3605, 'Leon', 'Malinowski', 'I', 1),
(3606, 'Edward', 'Bolerko', 'I', 1),
(3607, 'Wiktor', 'Marszalek', 'I', 1),
(3608, 'Adam', 'Barszcz', 'I', 1),
(3609, 'Boleslaw', 'Graba', 'I', 1),
(3610, 'Natalia', 'Golab', 'I', 1),
(3611, 'Nadia', 'Arendt', 'I', 1),
(3612, 'Nikodem', 'Freda', 'I', 1),
(3613, 'Zofia', 'Katowicka', 'I', 1),
(3614, 'Bartosz', 'Szymik', 'I', 1),
(3615, 'Magdalena', 'Borsuk', 'I', 1),
(3616, 'Edyta', 'Ramotowska', 'I', 1),
(3617, 'Natalia', 'Gala', 'I', 1),
(3618, 'Jan', 'Majtas', 'I', 1),
(3619, 'Adam', 'Aronowski', 'I', 1),
(3620, 'Jerzy', 'Albert', 'I', 1),
(3621, 'Julia', 'Ringwelska', 'I', 1),
(3622, 'Justyna', 'Ciecierska', 'I', 1),
(3623, 'Jan', 'Kolek', 'I', 1),
(3624, 'Stefania', 'Malecka', 'I', 1),
(3625, 'Tomasz', 'Stankiewicz', 'I', 1),
(3626, 'Konrad', 'Grzegorczyk', 'I', 1),
(3627, 'Ernestyna', 'Chojnacka', 'I', 1),
(3628, 'Jan', 'Bolkowski', 'I', 1),
(3629, 'Piotr', 'Popowski', 'I', 1),
(3630, 'Aleksandra', 'Gajda', 'I', 1),
(3631, 'Janusz', 'Bastek', 'I', 1),
(3632, 'Barbara', 'Aleksander', 'I', 1),
(3633, 'Iwona', 'Walory', 'I', 1),
(3634, 'Andrzej', 'Kakadun', 'I', 1),
(3635, 'Tadeusz', 'Koksanowicz', 'I', 1),
(3636, 'Fryderyk', 'Krakowski', 'I', 1),
(3637, 'Dorota', 'Gil', 'I', 1),
(3638, 'Izabela', 'Skrzek', 'I', 1),
(3639, 'Maciej', 'Janczak', 'I', 1),
(3640, 'Jan', 'Piwowarek', 'I', 1),
(3641, 'Irena', 'Bajer', 'I', 1),
(3642, 'Ewa', 'Kolasinka', 'I', 1),
(3643, 'Mateusz', 'Krasnowski', 'I', 1),
(3644, 'Janusz', 'Jurczak', 'I', 1),
(3645, 'Ewa', 'Augustowska', 'I', 1),
(3646, 'Krzysztof', 'Krupa', 'I', 1),
(3647, 'Filip', 'Mierzejewski', 'I', 1),
(3648, 'Adrian', 'Klasz', 'I', 1),
(3649, 'Nina', 'Gwiazdowska', 'I', 1),
(3650, 'Maciej', 'Mazur', 'I', 1),
(3651, 'Jan', 'Wasilewski', 'I', 1),
(3652, 'Zbigniew', 'Miller', 'I', 1),
(3653, 'Stefania', 'Kurcewicz', 'I', 1),
(3654, 'Karolina', 'Myszka', 'I', 1),
(3655, 'Marcin', 'Kisielewski', 'I', 1),
(3656, 'Hieronim', 'Karpacki', 'I', 1),
(3657, 'Genowefa', 'Kumur', 'I', 1),
(3658, 'Karolina', 'Krakowska', 'I', 1),
(3659, 'Monika', 'Gilowska', 'I', 1),
(3660, 'Dorota', 'Krakowska', 'I', 1),
(3661, 'Angelika', 'Wakuluk', 'I', 1),
(3662, 'Mariola', 'Kukulska', 'I', 1),
(3663, 'Justyna', 'Pomierska', 'I', 1),
(3664, 'Piotr', 'Pogrebniak', 'I', 1),
(3665, 'Karolina', 'Wicek', 'I', 1),
(3666, 'Laura', 'Przybylska', 'I', 1),
(3667, 'Magdalena', 'Kubat', 'I', 1),
(3668, 'Paulina', 'Warchulska', 'I', 1),
(3669, 'Tomasz', 'Weber', 'I', 1),
(3670, 'Anna', 'Tomanek', 'I', 1),
(3671, 'Jakub', 'Gawora', 'I', 1),
(3672, 'Vanessa', 'Dziedzic', 'I', 1),
(3673, 'Ewa', 'Milion', 'I', 1),
(3674, 'Marek', 'Uss', 'I', 1),
(3675, 'Jacek', 'Kulka', 'I', 1),
(3676, 'Mariola', 'Miklas', 'I', 1),
(3677, 'Janusz', 'Michalak', 'I', 1),
(3678, 'Martyna', 'Propolis', 'I', 1),
(3679, 'Jan', 'Otwinowski', 'I', 1),
(3680, 'Robert', 'Wychota', 'I', 1),
(3681, 'Piotr', 'Piatkowiak', 'I', 1),
(3682, 'Mateusz', 'Geryg', 'I', 1),
(3683, 'Katarzyna', 'Tobera', 'I', 1),
(3684, 'Marcin', 'Krukowski', 'I', 1),
(3685, 'Ewa', 'Rusin', 'I', 1),
(3686, 'Zofia', 'Grzesik', 'I', 1),
(3687, 'Marek', 'Dziekan', 'I', 1),
(3688, 'Bogdan', 'Kmicic', 'I', 1),
(3689, 'Lucjan', 'Marchewicz', 'I', 1),
(3690, 'Radoslaw', 'Lemiec', 'I', 1),
(3691, 'Leszek', 'Kowalski', 'I', 1),
(3692, 'Kacper', 'Odya', 'I', 1),
(3693, 'Piotr', 'Lewandowski', 'I', 1),
(3694, 'Maksymilian', 'Licbarski', 'I', 1),
(3695, 'Maja', 'Lendzion', 'I', 1),
(3696, 'Anna', 'Panek', 'I', 1),
(3697, 'Kacper', 'Nowakowski', 'I', 1),
(3698, 'Hanna', 'Lewaszkiewicz', 'I', 1),
(3699, 'Eugeniusz', 'Kot', 'I', 1);

--
-- Indeksy dla zrzutw tabel
--

--
-- Indeksy dla tabeli `glosy`
--
ALTER TABLE `glosy`
  ADD PRIMARY KEY (`id_glosu`),
  ADD KEY `id_ucznia` (`id_ucznia`),
  ADD KEY `id_kandydata` (`id_kandydata`);

--
-- Indeksy dla tabeli `kandydaci`
--
ALTER TABLE `kandydaci`
  ADD PRIMARY KEY (`id_kandydata`);

--
-- Indeksy dla tabeli `uczniowie`
--
ALTER TABLE `uczniowie`
  ADD PRIMARY KEY (`id_ucznia`);

--
-- AUTO_INCREMENT for dumped tables
--

--
-- AUTO_INCREMENT dla tabeli `glosy`
--
ALTER TABLE `glosy`
  MODIFY `id_glosu` int(11) NOT NULL AUTO_INCREMENT, AUTO_INCREMENT=4101;

--
-- AUTO_INCREMENT dla tabeli `uczniowie`
--
ALTER TABLE `uczniowie`
  MODIFY `id_ucznia` int(11) NOT NULL AUTO_INCREMENT, AUTO_INCREMENT=3700;

--
-- Ograniczenia dla zrzutw tabel
--

--
-- Ograniczenia dla tabeli `glosy`
--
ALTER TABLE `glosy`
  ADD CONSTRAINT `glosy_ibfk_1` FOREIGN KEY (`id_ucznia`) REFERENCES `uczniowie` (`id_ucznia`),
  ADD CONSTRAINT `glosy_ibfk_2` FOREIGN KEY (`id_kandydata`) REFERENCES `kandydaci` (`id_kandydata`);
COMMIT;

/*!40101 SET CHARACTER_SET_CLIENT=@OLD_CHARACTER_SET_CLIENT */;
/*!40101 SET CHARACTER_SET_RESULTS=@OLD_CHARACTER_SET_RESULTS */;
/*!40101 SET COLLATION_CONNECTION=@OLD_COLLATION_CONNECTION */;
