-- phpMyAdmin SQL Dump
-- version 4.8.3
-- https://www.phpmyadmin.net/
--
-- Host: 127.0.0.1
-- Czas generowania: 18 Gru 2019, 13:45
-- Wersja serwera: 10.1.36-MariaDB
-- Wersja PHP: 7.2.11

SET SQL_MODE = "NO_AUTO_VALUE_ON_ZERO";
SET AUTOCOMMIT = 0;
START TRANSACTION;
SET time_zone = "+00:00";


/*!40101 SET @OLD_CHARACTER_SET_CLIENT=@@CHARACTER_SET_CLIENT */;
/*!40101 SET @OLD_CHARACTER_SET_RESULTS=@@CHARACTER_SET_RESULTS */;
/*!40101 SET @OLD_COLLATION_CONNECTION=@@COLLATION_CONNECTION */;
/*!40101 SET NAMES utf8mb4 */;

--
-- Baza danych: `pr_2016_new`
--

-- --------------------------------------------------------

--
-- Struktura tabeli dla tabeli `meldunek`
--

CREATE TABLE `meldunek` (
  `pesel` char(11) NOT NULL,
  `id_pok` int(11) DEFAULT NULL
) ENGINE=InnoDB DEFAULT CHARSET=latin1;

--
-- Zrzut danych tabeli `meldunek`
--

INSERT INTO `meldunek` (`pesel`, `id_pok`) VALUES
('92051048757', 8),
('92051861424', 32),
('92052033215', 66),
('92052877491', 47),
('92052999663', 3),
('92060349478', 9),
('92060618813', 65),
('92060816563', 22),
('92060863855', 1),
('92061083359', 21),
('92061754985', 62),
('92061937214', 55),
('92062548936', 18),
('92062762152', 60),
('92062962545', 6),
('92070111188', 32),
('92070336152', 64),
('92070952712', 62),
('92071176944', 21),
('92072355391', 42),
('92072589329', 16),
('92080361249', 48),
('92080864292', 67),
('92081076313', 44),
('92081119933', 41),
('92081817558', 44),
('92081982469', 68),
('92090349976', 34),
('92100661849', 2),
('92101543816', 22),
('92103163461', 10),
('92111027117', 53),
('92111479877', 32),
('92112571134', 62),
('92112635683', 56),
('92121027392', 50),
('92121586455', 33),
('92122718336', 53),
('92122755816', 55),
('92122899246', 44),
('93010287374', 9),
('93011731988', 63),
('93012248937', 51),
('93012423916', 47),
('93013078979', 1),
('93020294887', 43),
('93020344452', 21),
('93020492353', 67),
('93020984197', 19),
('93021324462', 51),
('93021966581', 13),
('93022138167', 33),
('93031176282', 37),
('93031426752', 59),
('93031439697', 22),
('93031562344', 61),
('93031853565', 40),
('93031922166', 18),
('93032549924', 25),
('93041061585', 51),
('93041252815', 13),
('93041271841', 46),
('93041329773', 55),
('93041967867', 5),
('93042094111', 46),
('93042372947', 33),
('93042594253', 17),
('93051494722', 59),
('93052164592', 33),
('93052321317', 33),
('93052712924', 12),
('93052759398', 7),
('93060314174', 60),
('93060626866', 52),
('93060757559', 46),
('93061087466', 68),
('93061243679', 32),
('93061564929', 24),
('93062061135', 62),
('93070995479', 5),
('93071912839', 11),
('93072382295', 57),
('93080133818', 67),
('93080136224', 25),
('93080261416', 26),
('93080464147', 26),
('93081269666', 62),
('93081336463', 8),
('93081892851', 26),
('93082456168', 32),
('93090575941', 21),
('93090925753', 9),
('93091115319', 1),
('93091278935', 50),
('93091575513', 4),
('93091812971', 51),
('93092337785', 24),
('93092435575', 51),
('93092663774', 65),
('93101369477', 46),
('93101749226', 65),
('93102056134', 10),
('93102651636', 43),
('93110169918', 17),
('93110195784', 28),
('93110591337', 54),
('93111079234', 32),
('93111422865', 4),
('93112296421', 42),
('93112747286', 1),
('93120854668', 53),
('93120948925', 48),
('93122038392', 34),
('93122174335', 14),
('93123086325', 50),
('94010593869', 36),
('94011095964', 36),
('94012177294', 53),
('94012331191', 56),
('94012833877', 42),
('94020179251', 25),
('94020355996', 55),
('94020368381', 55),
('94020462177', 4),
('94020859896', 69),
('94021031192', 47),
('94022461945', 68),
('94030283737', 1),
('94030588351', 34),
('94031061512', 68),
('94031766363', 17),
('94031972793', 4),
('94032585554', 37),
('94032747169', 30),
('94040669736', 25),
('94041273536', 63),
('94041715238', 56),
('94042061826', 6),
('94042538867', 67),
('94050341862', 34),
('94050415987', 3),
('94050582715', 45),
('94051599561', 39),
('94051786439', 18),
('94051886221', 8),
('94051893894', 29),
('94052013633', 17),
('94052063812', 34),
('94052327952', 3),
('94052812232', 20),
('94060394564', 18),
('94062364747', 14),
('94062767281', 56),
('94062811591', 49),
('94070167664', 53),
('94070444888', 43),
('94072349563', 55),
('94072628581', 36),
('94080228692', 70),
('94080448661', 45),
('94080681844', 27),
('94080977152', 29),
('94081134358', 16),
('94081268846', 26),
('94082215991', 27),
('94082711312', 62),
('94083048134', 21),
('94091089918', 32),
('94091411788', 33),
('94091495359', 20),
('94091517385', 59),
('94091751347', 34),
('94092286956', 44),
('94093037193', 51),
('94100357838', 7),
('94100835552', 27),
('94102052458', 69),
('94103033254', 27),
('94111993425', 45),
('94112234831', 54),
('94112973718', 66),
('94121421336', 25),
('94121925755', 4),
('94122135195', 8),
('94123156375', 62),
('95010144314', 45),
('95010286766', 47),
('95010919439', 7),
('95010931895', 63),
('95011221717', 37),
('95011368836', 69),
('95012344439', 65),
('95012636248', 69),
('95020584568', 52),
('95021137376', 17),
('95022151559', 39),
('95022812243', 23),
('95030373332', 43),
('95030438448', 51),
('95031582894', 49),
('95040576286', 35),
('95041132892', 21),
('95041645299', 27),
('95042088338', 15),
('95042249539', 41),
('95042653121', 6),
('95050162572', 48),
('95050294464', 51),
('95051277866', 6),
('95051878845', 32),
('95052836383', 62),
('95052939154', 15),
('95053039198', 27),
('95060298582', 14),
('95061884197', 54),
('95062252193', 27),
('95062355629', 69),
('95071044176', 22),
('95071489133', 15),
('95071627434', 13),
('95071674573', 56),
('95080577175', 28),
('95081712847', 64),
('95082916158', 50),
('95090322493', 63),
('95091292595', 53),
('95091617358', 32),
('95092124468', 10),
('95092172959', 62),
('95092264276', 50),
('95092628511', 31),
('95101084297', 64),
('95101667241', 14),
('95103086594', 51),
('95111035621', 58),
('95111457382', 22),
('95111492877', 13),
('95111824241', 58),
('95112489689', 19),
('95112894814', 48),
('95120191648', 2),
('95120487536', 28),
('95120591417', 27),
('95120745656', 53),
('95122261156', 6),
('95122344488', 52),
('95122598863', 35),
('95123151452', 69),
('96011223945', 68),
('96011338285', 13),
('96011788721', 44),
('96012247623', 68),
('96021765853', 14),
('96022049899', 24),
('96022327144', 44),
('96030997362', 30),
('96031551327', 19),
('96032965482', 17),
('96040333314', 4),
('96041586933', 47),
('96041717944', 39),
('96042084485', 16),
('96042123681', 41),
('96043095419', 32),
('96050286545', 63),
('96050379498', 34),
('96050419725', 43),
('96050641553', 56),
('96051078792', 50),
('96051111367', 15),
('96051135916', 19),
('96051572319', 39),
('96051865921', 53),
('96052561949', 54),
('96052982418', 68),
('96060783968', 43),
('96061044486', 34),
('96061094795', 55),
('96061777722', 18),
('96062773598', 57),
('96070166834', 61),
('96070825977', 17),
('96072293545', 67),
('96080514843', 45),
('96081092979', 9),
('96081684932', 53),
('96081771827', 1),
('96081928342', 23),
('96082398784', 40),
('96082593622', 32),
('96090264886', 18),
('96090634229', 48),
('96090866484', 4),
('96090923899', 69),
('96091269286', 35),
('96092746489', 52),
('96092784458', 45),
('96102819712', 56),
('96110243976', 8),
('96110878613', 42),
('96111514855', 5),
('96111524476', 23),
('96111917733', 31),
('96112171271', 51),
('96112275739', 22),
('96112845442', 31),
('96120158756', 21),
('96120239628', 3),
('96121964255', 6),
('96122014799', 67),
('96122095251', 32),
('96122279451', 62),
('97010159347', 32),
('97010621727', 28),
('97010812385', 7),
('97010983179', 13),
('97011693781', 70),
('97012853362', 36),
('97012894365', 43),
('97020245331', 66),
('97020963358', 70),
('97021392858', 13),
('97021486467', 5),
('97022426727', 32),
('97022784472', 51);

-- --------------------------------------------------------

--
-- Struktura tabeli dla tabeli `studenci`
--

CREATE TABLE `studenci` (
  `pesel` char(11) NOT NULL,
  `nazwisko` varchar(50) DEFAULT NULL,
  `imie` varchar(50) DEFAULT NULL
) ENGINE=InnoDB DEFAULT CHARSET=latin1;

--
-- Zrzut danych tabeli `studenci`
--

INSERT INTO `studenci` (`pesel`, `nazwisko`, `imie`) VALUES
('92051048757', 'BAJOREK', 'JAKUB\r'),
('92051861424', 'SLOTARZ', 'MARIANNA\r'),
('92052033215', 'WNUK', 'SZYMON\r'),
('92052877491', 'LESKO', 'WOJCIECH\r'),
('92052999663', 'WACHOWIAK', 'ANNA\r'),
('92060349478', 'JASTRZEBSKI', 'IGNACY\r'),
('92060618813', 'CICHON', 'ADRIAN\r'),
('92060816563', 'LUKASZEWICZ', 'PAULA\r'),
('92060863855', 'RATAJCZAK', 'OLIWIER\r'),
('92061083359', 'PLISZKA', 'ADAM\r'),
('92061754985', 'KASZUBOWSKA', 'ANTONINA\r'),
('92061937214', 'MORAWIEC', 'DAWID\r'),
('92062548936', 'OGONOWSKA', 'JULIUSZ\r'),
('92062762152', 'SZYMONIAK', 'JAN\r'),
('92062962545', 'SIUDYM', 'KATARZYNA\r'),
('92070111188', 'SASOR', 'AMELIA\r'),
('92070336152', 'KLOC', 'DAWID\r'),
('92070952712', 'SMOLEN', 'JACEK\r'),
('92071176944', 'STOLARZ', 'KATARZYNA\r'),
('92072355391', 'SALA', 'JACEK\r'),
('92072589329', 'MODZELEWSKA', 'MARTYNA\r'),
('92080361249', 'WOROBIJ', 'STANISLAWA\r'),
('92080864292', 'NAPORA', 'MAREK\r'),
('92081076313', 'SLADOWSKI', 'MICHAL\r'),
('92081119933', 'LIZON', 'NATANAEL\r'),
('92081817558', 'SANKALA', 'JOZEF\r'),
('92081982469', 'GRZEGOREK', 'ANNA\r'),
('92082477625', 'ZALESKA', 'JULIA\r'),
('92090349976', 'CIBOROWSKI', 'EDWARD\r'),
('92100661849', 'PIATKOWSKA', 'EWA\r'),
('92101543816', 'CWIKLA', 'MARIAN\r'),
('92103163461', 'BLASZCZYK', 'MONIKA\r'),
('92111027117', 'SIERON', 'LECH\r'),
('92111479877', 'TUCHOLSKI', 'DAWID\r'),
('92112571134', 'MENDRELA', 'ARTUR\r'),
('92112635683', 'ANTOLAK', 'MALGORZATA\r'),
('92121027392', 'SPIEWAK', 'RAFAL\r'),
('92121586455', 'CIECHANOWICZ', 'WOJCIECH\r'),
('92122718336', 'PIEKUT', 'SZYMON\r'),
('92122755816', 'NEUMANN', 'MAREK\r'),
('92122899246', 'MALESA', 'GABRIELA\r'),
('93010287374', 'SWIERCZYNSKI', 'JANUSZ\r'),
('93011731988', 'KORCZAK', 'AMELIA\r'),
('93012248937', 'PIWKOWSKI', 'EUGENIUSZ\r'),
('93012423916', 'CIESLA', 'KRZYSZTOF\r'),
('93013078979', 'WOLANIN', 'BARTOSZ\r'),
('93020294887', 'RZYMANECKA', 'SONIA\r'),
('93020344452', 'BORYS', 'MAREK\r'),
('93020492353', 'DANIELAK', 'FRANCISZEK\r'),
('93020984197', 'KEPARA', 'MICHAL\r'),
('93021324462', 'PATER', 'ZOFIA\r'),
('93021966581', 'PEPLIN', 'ALICJA\r'),
('93022138167', 'BIALEK', 'ZOFIA\r'),
('93031176282', 'KIES', 'KATARZYNA\r'),
('93031426752', 'MARCINKIEWICZ', 'ADAM\r'),
('93031439697', 'GRYJGIER', 'RAFAL\r'),
('93031562344', 'KUKIELKA', 'BARBARA\r'),
('93031853565', 'NIEDZIOLKA', 'BARBARA\r'),
('93031922166', 'PLACHTA', 'EWA\r'),
('93032549924', 'MATRAS', 'KLAUDIA\r'),
('93041061585', 'ANTOSIEWICZ', 'MARCELINA\r'),
('93041252815', 'DEKA', 'JACEK\r'),
('93041271841', 'KLICH', 'EMILIA\r'),
('93041329773', 'CEGLAREK', 'TOMASZ\r'),
('93041967867', 'BARTOSIEWICZ', 'ALEKSANDRA\r'),
('93042094111', 'MROZOWSKI', 'DAWID\r'),
('93042372947', 'PYZIK', 'LENA\r'),
('93042594253', 'GAWRYS', 'PIOTR\r'),
('93051494722', 'KUCZYNSKA', 'OLIWIA\r'),
('93052164592', 'JOPKIEWICZ', 'ZBIGNIEW\r'),
('93052321317', 'WAJAND', 'MATEUSZ\r'),
('93052712924', 'KULAK', 'ZANETA\r'),
('93052759398', 'IWINSKI', 'KRZYSZTOF\r'),
('93060314174', 'CZAJA', 'WOJCIECH\r'),
('93060626866', 'JAROCKA', 'URSZULA\r'),
('93060757559', 'JACKOWSKI', 'ADAM\r'),
('93061087466', 'ADAMCZAK', 'OLIWIA\r'),
('93061243679', 'MIECZNIKOWSKI', 'EDWARD\r'),
('93061564929', 'SOJDA', 'BARBARA\r'),
('93062061135', 'MALECKI', 'ALEKSANDER\r'),
('93070995479', 'LUCZYK', 'ALEKSANDER\r'),
('93071912839', 'SIEKIERKOWSKI', 'JANUSZ\r'),
('93072382295', 'GARBOWSKI', 'DAWID\r'),
('93080133818', 'SZCZEPANCZYK', 'PAWEL\r'),
('93080136224', 'RACZEK', 'MONIKA\r'),
('93080261416', 'PALYS', 'LUKASZ\r'),
('93080464147', 'CIOSEK', 'ANNA\r'),
('93081269666', 'NEJMAN', 'MONIKA\r'),
('93081336463', 'NIEMYJSKA', 'KATARZYNA\r'),
('93081892851', 'PACANOWSKI', 'MACIEJ\r'),
('93082456168', 'ZYCHOWICZ', 'MARZENA\r'),
('93090575941', 'NIECKARZ', 'EMILIA\r'),
('93090925753', 'SZWED', 'WIKTOR\r'),
('93091115319', 'SZNAJDER', 'MIKOLAJ\r'),
('93091278935', 'PORADA', 'EDWARD\r'),
('93091575513', 'MARKOLINO', 'STEFAN\r'),
('93091812971', 'MROZINSKI', 'ROBERT\r'),
('93092337785', 'UKLEJA', 'KRYSTYNA\r'),
('93092435575', 'KUCHARSKI', 'TOMASZ\r'),
('93092663774', 'SKOREK', 'ALEKSANDER\r'),
('93101369477', 'ZUROWSKI', 'WIKTOR\r'),
('93101749226', 'WIERZBINSKA', 'SANDRA\r'),
('93102056134', 'RODAK', 'MARCIN\r'),
('93102651636', 'KRZYZANOWSKI', 'FILIP\r'),
('93110169918', 'REK', 'TOMASZ\r'),
('93110195784', 'PODGORSKA', 'KATARZYNA\r'),
('93110591337', 'JABLONCZYK', 'ANTONI\r'),
('93111079234', 'BIENIAS', 'PIOTR\r'),
('93111422865', 'MASTALERZ', 'NATALIA\r'),
('93112296421', 'KOLODZIEJ', 'BARBARA\r'),
('93112747286', 'KACPERSKA', 'BARBARA\r'),
('93120854668', 'ZIETEK', 'EDYTA\r'),
('93120948925', 'LISZEWSKA', 'ZOFIA\r'),
('93122038392', 'LIGOROWSKI', 'MARCIN\r'),
('93122174335', 'BADURA', 'JANUSZ\r'),
('93123086325', 'FRACKIEWICZ', 'MARZENA\r'),
('94010593869', 'BRODZIL', 'KATARZYNA\r'),
('94011095964', 'MACHOWSKA', 'MARCELINA\r'),
('94012177294', 'CABAN', 'KACPER\r'),
('94012331191', 'JASKULSKI', 'TOMASZ\r'),
('94012833877', 'LECH', 'JAKUB\r'),
('94020179251', 'KALICKI', 'LUKASZ\r'),
('94020355996', 'SZABLOWSKI', 'PATRYK\r'),
('94020368381', 'WROBEL', 'ANNA\r'),
('94020462177', 'SIERADZKI', 'JACEK\r'),
('94020859896', 'BIELAK', 'KACPER\r'),
('94021031192', 'DUDEK', 'ADAM\r'),
('94022461945', 'WADOLOWSKA', 'HANNA\r'),
('94030283737', 'GRALAK', 'IGOR\r'),
('94030588351', 'PILISZCZUK', 'MARCIN\r'),
('94031061512', 'SZCZERBOWSKI', 'PATRYK\r'),
('94031766363', 'STASKIEWICZ', 'MALWINA\r'),
('94031972793', 'JAMROZ', 'ADRIAN\r'),
('94032585554', 'KRAWCZYNSKI', 'RAFAL\r'),
('94032747169', 'BEBENEK', 'KINGA\r'),
('94040669736', 'IWAN', 'GRZEGORZ\r'),
('94041273536', 'LOZOWSKI', 'ANTONI\r'),
('94041715238', 'TOMASZCZYK', 'KRZYSZTOF\r'),
('94042061826', 'MANJURA', 'EWELINA\r'),
('94042538867', 'PLACZEK', 'HANNA\r'),
('94050341862', 'KAMAN', 'AMELIA\r'),
('94050415987', 'KOTULA', 'LENA\r'),
('94050582715', 'GALECKI', 'PIOTR\r'),
('94051599561', 'MIELNICZUK', 'KLAUDIA\r'),
('94051786439', 'PIETRZYKOWSKI', 'FRANCISZEK\r'),
('94051886221', 'CZARNIK', 'ALICJA\r'),
('94051893894', 'SIEMINSKI', 'ALEKSANDER\r'),
('94052013633', 'KULAS', 'ARTUR\r'),
('94052063812', 'SCHMIDT', 'WIKTOR\r'),
('94052327952', 'GOLEC', 'TOMASZ\r'),
('94052812232', 'KUBAK', 'MICHAL\r'),
('94060394564', 'PUCHALSKA', 'NIKOLA\r'),
('94062364747', 'KRASOWSKA', 'NATALIA\r'),
('94062767281', 'KONOPKA', 'ZDZISLAWA\r'),
('94062811591', 'LANGEROWICZ', 'MARCELI\r'),
('94070167664', 'CZYZEWSKA', 'EWA\r'),
('94070444888', 'KUZNIAR', 'LENA\r'),
('94070532538', 'NAJDA', 'PIOTR\r'),
('94072349563', 'CIESLEWICZ', 'MARIA\r'),
('94072628581', 'GOMOLKA', 'MARZENA\r'),
('94080228692', 'KONKOL', 'JAN\r'),
('94080448661', 'ZIOLKOWSKA', 'EWELINA\r'),
('94080681844', 'KLIMKOWSKA', 'MAGDALENA\r'),
('94080977152', 'SEKOWSKI', 'MARCIN\r'),
('94081134358', 'DWORACZEK', 'LUKASZ\r'),
('94081268846', 'NOWAK', 'SANDRA\r'),
('94082215991', 'KRAJEWSKI', 'IGOR\r'),
('94082711312', 'JANDA', 'MARCELI\r'),
('94083048134', 'FRANKOWSKI', 'EDWARD\r'),
('94091089918', 'BEDKOWSKI', 'KRZYSZTOF\r'),
('94091411788', 'DOLINSKA', 'MARIA\r'),
('94091495359', 'WOZNIAK', 'SLAWOMIR\r'),
('94091517385', 'MALINOWSKA', 'ZOFIA\r'),
('94091751347', 'SZEWCZAK', 'ADRIANNA\r'),
('94092286956', 'SKULIMOWSKI', 'ADAM\r'),
('94093037193', 'OSINSKI', 'KACPER\r'),
('94100357838', 'JANICKI', 'MIROSLAW\r'),
('94100835552', 'RAJCA', 'WITOLD\r'),
('94102052458', 'PAC', 'MAREK\r'),
('94103033254', 'WILCZAK', 'DARIUSZ\r'),
('94111993425', 'LAKOMY', 'NATALIA\r'),
('94112234831', 'SALWA', 'MICHAL\r'),
('94112973718', 'WIECZOREK', 'MICHAL\r'),
('94121421336', 'BORON', 'BARTOSZ\r'),
('94121925755', 'SZATAN', 'ANTONI\r'),
('94122135195', 'BIERNACKI', 'GRZEGORZ\r'),
('94123156375', 'BANACH', 'PIOTR\r'),
('95010144314', 'RESZKA', 'ARTUR\r'),
('95010286766', 'MORISON', 'BARBARA\r'),
('95010919439', 'GRUSZECKI', 'DARIUSZ\r'),
('95010931895', 'ZBIGNIEWICZ', 'JACEK\r'),
('95011221717', 'KOPICZYNSKI', 'MICHAL\r'),
('95011368836', 'DRAGAN', 'EUGENIUSZ\r'),
('95012344439', 'BUDNIK', 'STEFAN\r'),
('95012636248', 'STANISLAWSKA', 'ADRIANNA\r'),
('95020584568', 'WACHOWICZ', 'ANNA\r'),
('95021137376', 'JOZEFOWICZ', 'JACEK\r'),
('95022151559', 'LEWKOWICZ', 'DARIUSZ\r'),
('95022812243', 'SZCZERBA', 'MALGORZATA\r'),
('95030373332', 'KEDZIOR', 'MARCIN\r'),
('95030438448', 'GORNIAK', 'EDYTA\r'),
('95031582894', 'GOLAB', 'MICHAL\r'),
('95040576286', 'BUTKIEWICZ', 'HANNA\r'),
('95041132892', 'BEREZA', 'IGNACY\r'),
('95041645299', 'DUDZIC', 'KLAUDIUSZ\r'),
('95042088338', 'PALENTA', 'ADAM\r'),
('95042249539', 'KUBICKI', 'MICHAL\r'),
('95042653121', 'CISOW', 'EWA\r'),
('95050162572', 'ZAWISTOWSKI', 'ADAM\r'),
('95050294464', 'MAREK', 'AGNIESZKA\r'),
('95051277866', 'NIEZDAR', 'ANTONINA\r'),
('95051878845', 'CHMIELOWIEC', 'WANDA\r'),
('95052836383', 'KOMINEK', 'ZOFIA\r'),
('95052939154', 'FABIAN', 'JANUSZ\r'),
('95053039198', 'ADAMCZYK', 'BARTOSZ\r'),
('95060298582', 'KRASUSKA', 'ZANETA\r'),
('95061884197', 'PLODOWSKI', 'MARIUSZ\r'),
('95062252193', 'LANGOWSKI', 'KAMIL\r'),
('95062355629', 'OSOWIECKA', 'STANISLAWA\r'),
('95071044176', 'SZCZYPKA', 'SEBASTIAN\r'),
('95071489133', 'SKORKA', 'FILIP\r'),
('95071627434', 'SZUSTAK', 'ADAM\r'),
('95071674573', 'BARCIKOWSKI', 'WOJCIECH\r'),
('95080318259', 'PIETRASZEWSKI', 'STEFAN\r'),
('95080577175', 'SERAFIN', 'KAROL\r'),
('95081712847', 'PLACEK', 'JOANNA\r'),
('95082916158', 'TERMIN', 'TOMASZ\r'),
('95090322493', 'SZYCHOWSKI', 'RADOSLAW\r'),
('95091292595', 'CHUDZINSKI', 'SLAWOMIR\r'),
('95091617358', 'ZEBALOWSKI', 'MATEUSZ\r'),
('95092124468', 'GREN', 'MONIKA\r'),
('95092172959', 'POPIEL', 'EUGENIUSZ\r'),
('95092264276', 'ADAMIEC', 'MATEUSZ\r'),
('95092628511', 'ZWIERZYNSKI', 'WOJCIECH\r'),
('95101084297', 'ORLIKOWSKI', 'IGOR\r'),
('95101667241', 'CHOLEWA', 'MAJA\r'),
('95103086594', 'KISIEL', 'PRZEMYSLAW\r'),
('95111035621', 'SZABAT', 'JANUSZ\r'),
('95111457382', 'MALKOWSKA', 'MAJA\r'),
('95111492877', 'BODNAR', 'WOJCIECH\r'),
('95111824241', 'TARKOWSKA', 'MARTYNA\r'),
('95112489689', 'KORCZ', 'NADIA\r'),
('95112894814', 'DOBRZYNSKI', 'STEFAN\r'),
('95120191648', 'WOJCICKA', 'MAGDALENA\r'),
('95120487536', 'PACZYNSKI', 'MIKOLAJ\r'),
('95120591417', 'LUKASIK', 'MARIUSZ\r'),
('95120745656', 'DUMA', 'ZBIGNIEW\r'),
('95122261156', 'LECHOWICZ', 'MARIUSZ\r'),
('95122344488', 'PLONSKA', 'MILENA\r'),
('95122598863', 'NIEZGODA', 'EMILIA\r'),
('95123151452', 'SZCZEPANSKI', 'LUKASZ\r'),
('96011223945', 'DUSZYNSKA', 'MARTYNA\r'),
('96011338285', 'ZIENTEK', 'BOGUSLAWA\r'),
('96011788721', 'BUCZAK', 'BARBARA\r'),
('96012247623', 'JAWORSKA', 'HANNA\r'),
('96021765853', 'BRYS', 'MICHAL\r'),
('96022049899', 'MORAWIN', 'JACEK\r'),
('96022327144', 'JANOTA', 'MALGORZATA\r'),
('96030997362', 'CZARNIECKA', 'URSZULA\r'),
('96031551327', 'ROZBICKA', 'PAULA\r'),
('96032039774', 'SIECZKOWSKI', 'MACIEJ\r'),
('96032965482', 'SIELSKA', 'GABRIELA\r'),
('96040333314', 'PROKOP', 'JACEK\r'),
('96041586933', 'SKOLIMOWSKI', 'PRZEMYSLAW\r'),
('96041717944', 'SKRZYNIARZ', 'KRYSTYNA\r'),
('96042084485', 'WIECKOWSKA', 'PAULINA\r'),
('96042123681', 'PLUCIENNIK', 'ZOFIA\r'),
('96043095419', 'BARNAS', 'RAFAL\r'),
('96050286545', 'PAWLIK', 'MAGDALENA\r'),
('96050379498', 'PODLEWSKI', 'MICHAL\r'),
('96050419725', 'CIUPAGA', 'BOGUSLAWA\r'),
('96050641553', 'SZAFRAN', 'PIOTR\r'),
('96051078792', 'FOLTYN', 'KLAUDIUSZ\r'),
('96051111367', 'KWASNIK', 'KRYSTYNA\r'),
('96051135916', 'SROKA', 'KRZYSZTOF\r'),
('96051572319', 'FRANCZYK', 'KRZYSZTOF\r'),
('96051865921', 'BOROWY', 'NIKOLA\r'),
('96052561949', 'GRZANKA', 'MAGDALENA\r'),
('96052982418', 'BISKUP', 'KLAUDIUSZ\r'),
('96060783968', 'SOWA', 'KAROLINA\r'),
('96061044486', 'KOZLOWSKA', 'KLAUDIA\r'),
('96061094795', 'MADEJA', 'MIROSLAW\r'),
('96061777722', 'SOLTYSIAK', 'LUCJA\r'),
('96062773598', 'PETRYKOWSKI', 'WOJCIECH\r'),
('96070166834', 'WESOLOWSKI', 'MATEUSZ\r'),
('96070825977', 'FURMANIAK', 'WIKTORIA\r'),
('96072293545', 'SPIEWAK', 'GABRIELA\r'),
('96080514843', 'ANDRUSZKIEWICZ', 'KLAUDIA\r'),
('96081092979', 'LIS', 'GRZEGORZ\r'),
('96081684932', 'STRUZIK', 'WOJCIECH\r'),
('96081771827', 'LISZAJ', 'MARIANNA\r'),
('96081928342', 'MAZUR', 'EWA\r'),
('96082398784', 'ZDANOWICZ', 'EDYTA\r'),
('96082593622', 'KAROLCZAK', 'MILENA\r'),
('96090264886', 'ROGOWSKA', 'MALGORZATA\r'),
('96090634229', 'WOJDAK', 'MALGORZATA\r'),
('96090866484', 'BARANOWSKA', 'MALGORZATA\r'),
('96090923899', 'SWIDERSKI', 'MACIEJ\r'),
('96091269286', 'KURPANIK', 'ZDZISLAWA\r'),
('96092278614', 'DYLAG', 'JACEK\r'),
('96092746489', 'SIUDA', 'ALICJA\r'),
('96092784458', 'KOPROWSKI', 'FILIP\r'),
('96102819712', 'MIELCZAREK', 'SEBASTIAN\r'),
('96110243976', 'GALENEK', 'ROBERT\r'),
('96110878613', 'DEMBEK', 'MACIEJ\r'),
('96111514855', 'PIECYK', 'MATEUSZ\r'),
('96111524476', 'GOCYLOWICZ', 'LUKASZ\r'),
('96111917733', 'STACHANCZYK', 'RADOSLAW\r'),
('96112171271', 'FILIPCZUK', 'JACEK\r'),
('96112275739', 'BAGIERSKI', 'WOJCIECH\r'),
('96112845442', 'MARZEC', 'MONIKA\r'),
('96120158756', 'JANAS', 'JAKUB\r'),
('96120239628', 'SOLTYSIK', 'WANDA\r'),
('96121964255', 'PIECH', 'MATEUSZ\r'),
('96122014799', 'OSUSZEK', 'LUKASZ\r'),
('96122095251', 'ROMANOWICZ', 'MIROSLAW\r'),
('96122279451', 'MADEJSKI', 'MAREK\r'),
('97010159347', 'KARWECKA', 'MAGDALENA\r'),
('97010621727', 'KRUPA', 'EWELINA\r'),
('97010812385', 'KULKOWSKA', 'SONIA\r'),
('97010983179', 'PRUSAK', 'ALEKSANDER\r'),
('97011693781', 'GRELA', 'KLAUDIA\r'),
('97012853362', 'CIECIERSKA', 'KAROLINA\r'),
('97012894365', 'JANICKA', 'KLAUDIA\r'),
('97020245331', 'PACZKOWSKI', 'DARIUSZ\r'),
('97020963358', 'BAJDA', 'JAN\r'),
('97021392858', 'LEWANDOWSKI', 'KRZYSZTOF\r'),
('97021486467', 'SMILGININ', 'BARBARA\r'),
('97022426727', 'STROZYNSKA', 'MALGORZATA\r'),
('97022784472', 'LESZCZYNSKI', 'SEBASTIAN\r');

-- --------------------------------------------------------

--
-- Struktura tabeli dla tabeli `wypozyczenia`
--

CREATE TABLE `wypozyczenia` (
  `lp` int(11) NOT NULL,
  `pesel` char(11) DEFAULT NULL,
  `tytul` varchar(200) DEFAULT NULL
) ENGINE=InnoDB DEFAULT CHARSET=latin1;

--
-- Zrzut danych tabeli `wypozyczenia`
--

INSERT INTO `wypozyczenia` (`lp`, `pesel`, `tytul`) VALUES
(1, '92061083359', 'FIZYKA TECHNICZNA I\r'),
(2, '94103033254', 'PROGRAMOWANIE MIKROKONTROLEROW I\r'),
(3, '92071176944', 'ANALIZA MATEMATYCZNA I\r'),
(4, '93022138167', 'AUTOMATYKA II\r'),
(5, '95010144314', 'TESTY PENETRACYJNE SIECI WIFI\r'),
(6, '97010159347', 'TESTY PENETRACYJNE SIECI WIFI\r'),
(7, '92122899246', 'WSTEP DO CSS3 I HTML5\r'),
(8, '95010931895', 'AUDYT BEZPIECZENSTWA SIECI\r'),
(9, '93101749226', 'OPTYMALIZACJA ALGORYTMOW II\r'),
(10, '95120191648', 'FIZYKA CIALA STALEGO II\r'),
(11, '93052164592', 'AUTOCAD DOBRE PRAKTYKI\r'),
(12, '94031061512', 'TECHNOLOGIA LITOGRAFII 20NM\r'),
(13, '93092663774', 'ALGERBA II\r'),
(14, '93072382295', 'ALGERBA I\r'),
(15, '96120239628', 'ALGERBA I\r'),
(16, '96041586933', 'JAK DZIALA LINUX\r'),
(17, '94020355996', 'RELACYJNE BAZY DANYCH I\r'),
(18, '95022151559', 'ANALIZA MATEMATYCZNA II\r'),
(19, '94012833877', 'ELEKTRONIKA CYFROWA I\r'),
(20, '95052939154', 'GRAFIKA KOMPUTEROWA II\r'),
(21, '93052712924', 'AUTOMATYKA I\r'),
(22, '93112747286', 'AUTOCAD DOBRE PRAKTYKI\r'),
(23, '95091292595', 'ALGORYTMY BEZ TAJEMNIC\r'),
(24, '95012636248', 'AUTOCAD DOBRE PRAKTYKI\r'),
(25, '95112489689', 'GRAFIKA KOMPUTEROWA I\r'),
(26, '93060626866', 'LINUX KSIEGA ADMINISTRATORA I\r'),
(27, '96122279451', 'WSTEP DO TEORII LICZB\r'),
(28, '97021486467', 'TEORIA GRAFOW\r'),
(29, '95062355629', 'STEROWNIKI PRZEMYSLOWE II\r'),
(30, '92052999663', 'TEORIA GRAFOW\r'),
(31, '93031426752', 'FIZYKA CIALA STALEGO III\r'),
(32, '94041715238', 'PODSTAWY KRYPTOGRAFII II\r'),
(33, '95010919439', 'MERNICTWO ELEKTRYCZNE II\r'),
(34, '93110591337', 'TRANSMISJA DVB-T DVB-C I DVB-S\r'),
(35, '95062252193', 'FLASH I PHP\r'),
(36, '95030373332', 'OPTYMALIZACJA ALGORYTMOW I\r'),
(37, '93122174335', 'AUDYT BEZPIECZENSTWA SIECI\r'),
(38, '95042249539', 'MERNICTWO ELEKTRYCZNE II\r'),
(39, '92080361249', 'CHEMIA KWANTOWA I\r'),
(40, '96092746489', 'ELEKTRONIKA CYFROWA II\r'),
(41, '93102056134', 'ALGERBA I\r'),
(42, '95091617358', 'TESTY PENETRACYJNE SIECI WIFI\r'),
(43, '93020344452', 'PROGRAMOWANIE MIKROKONTROLEROW II\r'),
(44, '94100357838', 'FIZYKA CIALA STALEGO III\r'),
(45, '95041132892', 'LINUX KSIEGA ADMINISTRATORA I\r'),
(46, '94091751347', 'ALGORYTMY GENETYCZNE\r'),
(47, '94060394564', 'HACKING SZTUKA PENETRACJI\r'),
(48, '92111479877', 'RELACYJNE BAZY DANYCH II\r'),
(49, '96050379498', 'ALGORYTMY GENETYCZNE\r'),
(50, '94080228692', 'METODY NUMERYCZNE II\r'),
(51, '93061564929', 'GRAFIKA KOMPUTEROWA III\r'),
(52, '95120591417', 'KOMPUTEROWA ANALIZA OBRAZOWANIA MEDYCZNEGO I\r'),
(53, '92121027392', 'TESTOWANIE UKLADOW VLSI\r'),
(54, '93081269666', 'STEROWNIKI PRZEMYSLOWE I\r'),
(55, '93110195784', 'OPTYMALIZACJA ALGORYTMOW II\r'),
(56, '97021392858', 'TEORIA GRAFOW\r'),
(57, '95051277866', 'TESTY PENETRACYJNE SIECI WIFI\r'),
(58, '92051048757', 'TECHNOLOGIA LITOGRAFII 20NM\r'),
(59, '94040669736', 'GRAFIKA KOMPUTEROWA II\r'),
(60, '94092286956', 'KANONY WIEDZY PROGRAMISTYCZNEJ\r'),
(61, '95071627434', 'ALGERBA III\r'),
(62, '93031176282', 'KATALOG CYFROWYCH UKLADOW SCALONYCH\r'),
(63, '93120948925', 'PROGRAMOWANIE MIKROKONTROLEROW II\r'),
(64, '96092278614', 'APARATURA POMIAROWA\r'),
(65, '96072293545', 'ALGERBA II\r'),
(66, '92062962545', '101 ZABEZPIECZEN PRZED ATAKAMI W SIECI KOMPUTEROWEJ\r'),
(67, '94091089918', 'ZLACZA ELEKTRYCZNE I ELEKTRONICZNE\r'),
(68, '94022461945', 'ALGERBA II\r'),
(69, '94020179251', 'HACKING SZTUKA PENETRACJI\r'),
(70, '94112973718', 'AUTOCAD DOBRE PRAKTYKI\r'),
(71, '95092264276', 'TESTOWANIE UKLADOW VLSI\r'),
(72, '95111035621', 'AUTOMATYKA III\r'),
(73, '95060298582', 'GRAFIKA KOMPUTEROWA II\r'),
(74, '96070825977', 'STEROWNIKI PRZEMYSLOWE II\r'),
(75, '93102651636', 'FLASH I PHP\r'),
(76, '95020584568', 'TEORIA GIER\r'),
(77, '94080977152', 'ANSI C\r'),
(78, '93090575941', 'SYSTEMY OPERACYJNE\r'),
(79, '93061087466', 'SIECI NEURONOWE\r'),
(80, '96070166834', 'MATEMATYKA DYSKRETNA II\r'),
(81, '96082398784', 'CHEMIA KWANTOWA I\r'),
(82, '97012894365', 'ELEKTRONIKA CYFROWA I\r'),
(83, '97021392858', 'JEZYKI PROGRAMOWANIA II\r'),
(84, '93031562344', 'OPTYMALIZACJA ALGORYTMOW I\r'),
(85, '95071489133', 'ANALIZA MATEMATYCZNA II\r'),
(86, '97021392858', 'METODY NUMERYCZNE II\r'),
(87, '96111917733', 'TEORIA GIER\r'),
(88, '94050582715', 'FIZYKA CIALA STALEGO II\r'),
(89, '94082215991', 'ANSI C\r'),
(90, '92060618813', 'GRAFIKA KOMPUTEROWA III\r'),
(91, '96030997362', 'BIBLIA ASSEMBLERA II\r'),
(92, '95051878845', 'TESTY PENETRACYJNE SIECI WIFI\r'),
(93, '97011693781', 'CHEMIA KWANTOWA II\r'),
(94, '94070167664', 'WSTEP DO CSS3 I HTML5\r'),
(95, '96041717944', 'PHP I MYSQL\r'),
(96, '96031551327', 'ROBOTYKA II\r'),
(97, '95080577175', 'ELEKTRONIKA ANALOGOWA I\r'),
(98, '95122261156', 'RELACYJNE BAZY DANYCH II\r'),
(99, '93082456168', 'APARATURA POMIAROWA\r'),
(100, '93080136224', 'TESTY PENETRACYJNE SIECI WIFI\r'),
(101, '95041645299', 'JEZYKI PROGRAMOWANIA I\r'),
(102, '96072293545', 'ALGERBA I\r'),
(103, '93092337785', 'KOMPUTEROWA ANALIZA OBRAZOWANIA MEDYCZNEGO I\r'),
(104, '92062762152', 'FIZYKA TECHNICZNA I\r'),
(105, '93060757559', 'ROBOTYKA II\r'),
(106, '94111993425', 'PROGRAMOWANIE MIKROKONTROLEROW II\r'),
(107, '96120158756', 'KOMPUTEROWA ANALIZA OBRAZOWANIA MEDYCZNEGO I\r'),
(108, '94052013633', 'SIECI NEURONOWE\r'),
(109, '96051135916', 'TESTOWANIE UKLADOW VLSI\r'),
(110, '96092784458', 'LINUX KSIEGA ADMINISTRATORA I\r'),
(111, '94080448661', 'METODY NUMERYCZNE I\r'),
(112, '96110878613', 'C# I .NET\r'),
(113, '93010287374', 'JEZYKI PROGRAMOWANIA II\r'),
(114, '93041061585', 'RELACYJNE BAZY DANYCH III\r'),
(115, '93011731988', 'CHEMIA KWANTOWA I\r'),
(116, '92122755816', 'SIECI NEURONOWE\r'),
(117, '96012247623', 'CHEMIA FIZYCZNA\r'),
(118, '94081134358', 'KANONY WIEDZY PROGRAMISTYCZNEJ\r'),
(119, '95111457382', 'TESTY PENETRACYJNE SIECI WIFI\r'),
(120, '92070336152', 'WSTEP DO CSS3 I HTML5\r'),
(121, '94011095964', 'AUTOMATYKA I\r'),
(122, '94051893894', 'ROBOTYKA I\r'),
(123, '94091517385', 'TESTY PENETRACYJNE SIECI WIFI\r'),
(124, '95120745656', 'FLASH I PHP\r'),
(125, '93041271841', 'FIZYKA TECHNICZNA I\r'),
(126, '94051599561', 'AUTOMATYKA I\r'),
(127, '93070995479', 'JEZYKI PROGRAMOWANIA II\r'),
(128, '95050162572', 'BIBLIA ASSEMBLERA I\r'),
(129, '97022426727', 'PODSTAWY KRYPTOGRAFII I\r'),
(130, '92081119933', 'KOMPUTEROWA ANALIZA OBRAZOWANIA MEDYCZNEGO I\r'),
(131, '96051865921', 'ELEKTRONIKA CYFROWA I\r'),
(132, '94042538867', 'APARATURA POMIAROWA\r'),
(133, '94052063812', 'MIKROKONTROLERY AVR\r'),
(134, '93112296421', 'FIZYKA CIALA STALEGO II\r'),
(135, '92122718336', 'CHEMIA FIZYCZNA\r'),
(136, '93060314174', 'CHEMIA KWANTOWA II\r'),
(137, '93071912839', 'ANALIZA MATEMATYCZNA II\r'),
(138, '96112171271', 'WSTEP DO TEORII LICZB\r'),
(139, '92112571134', 'TEORIA GRAFOW\r'),
(140, '94041273536', 'MATEMATYKA DYSKRETNA I\r'),
(141, '94122135195', '101 ZABEZPIECZEN PRZED ATAKAMI W SIECI KOMPUTEROWEJ\r'),
(142, '96060783968', 'FIZYKA CIALA STALEGO II\r'),
(143, '92081076313', 'PROGRAMOWANIE WSPOLBIEZNE\r'),
(144, '96112845442', 'FIZYKA CIALA STALEGO II\r'),
(145, '93020492353', 'PODSTAWY KRYPTOGRAFII I\r'),
(146, '94062811591', 'ANALIZA I KOREKCJA BLEDOW\r'),
(147, '94102052458', 'MATEMATYKA DYSKRETNA II\r'),
(148, '93110169918', 'ROBOTYKA I\r'),
(149, '92101543816', 'ANSI C\r'),
(150, '96043095419', 'PROGRAMOWANIE URZADZEN MOBILNYCH\r'),
(151, '94062364747', 'TEORIA GIER\r'),
(152, '94042061826', 'ALGERBA II\r'),
(153, '95042653121', 'TESTOWANIE UKLADOW VLSI\r'),
(154, '96081771827', 'FIZYKA CIALA STALEGO III\r'),
(155, '94091495359', 'ANALIZA I KOREKCJA BLEDOW\r'),
(156, '95010286766', 'TEORIA GRAFOW\r'),
(157, '97010621727', 'TECHNOLOGIA LITOGRAFII 20NM\r'),
(158, '94031766363', 'AUTOCAD DOBRE PRAKTYKI\r'),
(159, '95111824241', 'ANALIZA MATEMATYCZNA II\r'),
(160, '92103163461', 'GRAFIKA KOMPUTEROWA I\r'),
(161, '93052321317', 'C# I .NET\r'),
(162, '96050286545', 'STEROWNIKI PRZEMYSLOWE I\r'),
(163, '92100661849', 'METODY NUMERYCZNE II\r'),
(164, '94081268846', 'KOMPUTEROWA ANALIZA OBRAZOWANIA MEDYCZNEGO II\r'),
(165, '95101084297', 'ANALIZA MATEMATYCZNA I\r'),
(166, '96021765853', 'FIZYKA TECHNICZNA I\r'),
(167, '96042123681', 'ELEKTRONIKA ANALOGOWA I\r'),
(168, '93052759398', 'ANALIZA ZLOZONYCH PROCESOW TECHNOLOGICZNYCH\r'),
(169, '93101369477', 'PODSTAWY KRYPTOGRAFII I\r'),
(170, '93111079234', 'TESTY PENETRACYJNE SIECI WIFI\r'),
(171, '95071044176', 'FIZYKA TECHNICZNA II\r'),
(172, '92070952712', 'PODSTAWY KRYPTOGRAFII II\r'),
(173, '94032585554', 'MATEMATYKA DYSKRETNA II\r'),
(174, '95111492877', 'PODSTAWY KRYPTOGRAFII I\r'),
(175, '94020859896', 'OPTYMALIZACJA ALGORYTMOW I\r'),
(176, '96081684932', 'ANALIZA MATEMATYCZNA I\r'),
(177, '96022327144', 'KANONY WIEDZY PROGRAMISTYCZNEJ\r'),
(178, '93032549924', 'FIZYKA TECHNICZNA III\r'),
(179, '92072355391', 'SIECI NEURONOWE\r'),
(180, '92070111188', 'ANSI C\r'),
(181, '93041252815', 'FLASH I PHP\r'),
(182, '93091115319', 'MIKROKONTROLERY AVR\r'),
(183, '96052561949', 'ALGORYTMY GENETYCZNE\r'),
(184, '92060816563', 'WSTEP DO INFORMATYKI\r'),
(185, '93091278935', 'AUTOMATYKA II\r'),
(186, '96022049899', 'ANSI C\r'),
(187, '93080133818', '101 ZABEZPIECZEN PRZED ATAKAMI W SIECI KOMPUTEROWEJ\r'),
(188, '94072349563', 'APARATURA POMIAROWA\r'),
(189, '93013078979', '101 ZABEZPIECZEN PRZED ATAKAMI W SIECI KOMPUTEROWEJ\r'),
(190, '92081817558', 'PODSTAWY KRYPTOGRAFII I\r'),
(191, '96081928342', 'RELACYJNE BAZY DANYCH I\r'),
(192, '96111514855', 'TESTOWANIE UKLADOW VLSI\r'),
(193, '93090925753', 'ANALIZA MATEMATYCZNA II\r'),
(194, '96090923899', 'OPTYMALIZACJA ALGORYTMOW I\r'),
(195, '97020245331', 'ANSI C\r'),
(196, '93111422865', 'FIZYKA CIALA STALEGO II\r'),
(197, '95022812243', 'ANALIZA ZLOZONYCH PROCESOW TECHNOLOGICZNYCH\r'),
(198, '96081092979', 'JEZYKI PROGRAMOWANIA III\r'),
(199, '92080864292', 'BIBLIA ASSEMBLERA I\r'),
(200, '96102819712', 'PHP I MYSQL\r'),
(201, '93091575513', 'C# I .NET\r'),
(202, '94051786439', 'FIZYKA CIALA STALEGO III\r'),
(203, '92111027117', 'ANALIZA MATEMATYCZNA I\r'),
(204, '96032965482', 'MERNICTWO ELEKTRYCZNE II\r'),
(205, '95030438448', 'AUTOCAD DOBRE PRAKTYKI\r'),
(206, '93120854668', 'KOMPUTEROWA ANALIZA OBRAZOWANIA MEDYCZNEGO II\r'),
(207, '93041967867', 'CHEMIA KWANTOWA II\r'),
(208, '92121586455', 'GRAFIKA KOMPUTEROWA III\r'),
(209, '96111524476', 'METODY NUMERYCZNE II\r'),
(210, '93042094111', 'AUDYT BEZPIECZENSTWA SIECI\r'),
(211, '96112275739', 'ALGORYTMY BEZ TAJEMNIC\r'),
(212, '95101667241', 'OPTYMALIZACJA ALGORYTMOW II\r'),
(213, '94031972793', 'APARATURA POMIAROWA\r'),
(214, '95080318259', 'FIZYKA CIALA STALEGO III\r'),
(215, '94121925755', 'TECHNOLOGIA LITOGRAFII 20NM\r'),
(216, '93080464147', 'ANSI C\r'),
(217, '96040333314', 'JAK DZIALA LINUX\r'),
(218, '96032039774', 'TEORIA GIER\r'),
(219, '95071674573', 'SYSTEMY OPERACYJNE\r'),
(220, '94032747169', 'RELACYJNE BAZY DANYCH II\r'),
(221, '96042084485', 'GRAFIKA KOMPUTEROWA III\r'),
(222, '96062773598', 'LINUX KSIEGA ADMINISTRATORA I\r'),
(223, '97010983179', 'CHEMIA FIZYCZNA\r'),
(224, '93012248937', 'FIZYKA TECHNICZNA II\r'),
(225, '94093037193', 'TEORIA GRAFOW\r'),
(226, '96091269286', 'AUDYT BEZPIECZENSTWA SIECI\r'),
(227, '96061777722', 'OSCYLOSKOP W ZASTOSOWANIACH\r'),
(228, '96090866484', 'ALGERBA I\r'),
(229, '95011368836', 'WSTEP DO TEORII LICZB\r'),
(230, '96061094795', 'AUTOMATYKA III\r'),
(231, '92072589329', 'GRAFIKA KOMPUTEROWA I\r'),
(232, '93081336463', 'AUTOMATYKA II\r'),
(233, '95042088338', 'AUDYT BEZPIECZENSTWA SIECI\r'),
(234, '94082711312', 'ALGORYTMY BEZ TAJEMNIC\r'),
(235, '94030283737', 'AUTOMATYKA II\r'),
(236, '97010812385', 'KATALOG CYFROWYCH UKLADOW SCALONYCH\r'),
(237, '96011338285', 'CHEMIA KWANTOWA II\r'),
(238, '94112234831', 'TESTY PENETRACYJNE SIECI WIFI\r'),
(239, '93092435575', 'ALGERBA II\r'),
(240, '94080681844', 'AUTOMATYKA II\r'),
(241, '96082593622', 'TEORIA GIER\r'),
(242, '96061044486', 'ROBOTYKA II\r'),
(243, '95052836383', 'BIBLIA ASSEMBLERA I\r'),
(244, '94012331191', 'SIECI NEURONOWE\r'),
(245, '94083048134', 'OPTYMALIZACJA ALGORYTMOW I\r'),
(246, '94100835552', 'SIECI NEURONOWE\r'),
(247, '92112635683', 'FIZYKA CIALA STALEGO I\r'),
(248, '97021392858', 'FLASH I PHP\r'),
(249, '93042594253', 'FIZYKA TECHNICZNA II\r'),
(250, '96122095251', 'RELACYJNE BAZY DANYCH II\r'),
(251, '96122014799', 'KATALOG CYFROWYCH UKLADOW SCALONYCH\r'),
(252, '95061884197', 'KATALOG CYFROWYCH UKLADOW SCALONYCH\r'),
(253, '96110243976', 'ELEKTRONIKA CYFROWA I\r'),
(254, '93021966581', 'JAK DZIALA LINUX\r'),
(255, '92060863855', 'WSTEP DO INFORMATYKI\r'),
(256, '94012177294', 'TRANSMISJA DVB-T DVB-C I DVB-S\r'),
(257, '93031439697', 'TESTOWANIE UKLADOW VLSI\r'),
(258, '95081712847', 'FIZYKA CIALA STALEGO III\r'),
(259, '92121027392', 'TESTY PENETRACYJNE SIECI WIFI\r'),
(260, '94030588351', 'AUTOMATYKA III\r'),
(261, '92121027392', 'AUTOCAD DOBRE PRAKTYKI\r'),
(262, '95090322493', 'ALGORYTMY KOMPRESJI STRATNEJ I BEZSTRATNEJ\r'),
(263, '96050641553', 'MIKROKONTROLERY AVR\r'),
(264, '93012423916', 'WSTEP DO INFORMATYKI\r'),
(265, '97012853362', 'TEORIA GRAFOW\r'),
(266, '94021031192', 'STEROWNIKI PRZEMYSLOWE II\r'),
(267, '93021324462', 'CHEMIA KWANTOWA II\r'),
(268, '94020462177', 'PROGRAMOWANIE URZADZEN MOBILNYCH\r'),
(269, '95122598863', 'ALGERBA III\r'),
(270, '92061937214', 'MERNICTWO ELEKTRYCZNE I\r'),
(271, '95011221717', 'OPTYMALIZACJA ALGORYTMOW II\r'),
(272, '92061754985', 'ELEKTRONIKA CYFROWA II\r'),
(273, '94010593869', 'ELEKTRONIKA ANALOGOWA II\r'),
(274, '95103086594', 'KANONY WIEDZY PROGRAMISTYCZNEJ\r'),
(275, '93031922166', 'LINUX KSIEGA ADMINISTRATORA II\r'),
(276, '93020294887', 'RELACYJNE BAZY DANYCH III\r'),
(277, '94020368381', 'PROGRAMOWANIE WSPOLBIEZNE\r'),
(278, '92060349478', 'SIECI NEURONOWE\r'),
(279, '95012344439', 'CHEMIA FIZYCZNA\r'),
(280, '96051572319', 'OPTYMALIZACJA ALGORYTMOW I\r'),
(281, '92090349976', 'ANALIZA MATEMATYCZNA II\r'),
(282, '92052877491', 'ZLACZA ELEKTRYCZNE I ELEKTRONICZNE\r'),
(283, '95082916158', 'LINUX KSIEGA ADMINISTRATORA I\r'),
(284, '95120487536', 'MATEMATYKA DYSKRETNA II\r'),
(285, '95092172959', 'PODSTAWY KRYPTOGRAFII I\r'),
(286, '96121964255', 'WSTEP DO INFORMATYKI\r'),
(287, '93051494722', 'FIZYKA CIALA STALEGO II\r'),
(288, '94052812232', 'ELEKTRONIKA ANALOGOWA I\r'),
(289, '95031582894', 'ELEKTRONIKA CYFROWA II\r'),
(290, '95092628511', 'OPTYMALIZACJA ALGORYTMOW I\r'),
(291, '96052982418', 'MATEMATYKA DYSKRETNA II\r'),
(292, '93080261416', 'ANSI C\r'),
(293, '95040576286', 'PROGRAMOWANIE MIKROKONTROLEROW I\r'),
(294, '92081982469', 'ALGERBA I\r'),
(295, '93122038392', 'ANALIZA ZLOZONYCH PROCESOW TECHNOLOGICZNYCH\r'),
(296, '93031853565', 'MATEMATYKA DYSKRETNA II\r'),
(297, '96090264886', 'OSCYLOSKOP W ZASTOSOWANIACH\r'),
(298, '94123156375', 'ANALIZA MATEMATYCZNA I\r'),
(299, '95123151452', 'LINUX KSIEGA ADMINISTRATORA I\r'),
(300, '93061243679', 'TESTY PENETRACYJNE SIECI WIFI\r'),
(301, '95050294464', 'ANSI C\r'),
(302, '94051886221', 'RELACYJNE BAZY DANYCH I\r'),
(303, '96090634229', 'KATALOG CYFROWYCH UKLADOW SCALONYCH\r'),
(304, '94072628581', 'JEZYKI PROGRAMOWANIA I\r'),
(305, '95053039198', 'KATALOG CYFROWYCH UKLADOW SCALONYCH\r'),
(306, '94050415987', 'RELACYJNE BAZY DANYCH I\r'),
(307, '94062767281', 'KANONY WIEDZY PROGRAMISTYCZNEJ\r'),
(308, '92082477625', 'ALGORYTMY GENETYCZNE\r'),
(309, '94070532538', 'KOMPUTEROWA ANALIZA OBRAZOWANIA MEDYCZNEGO I\r'),
(310, '93091812971', 'RELACYJNE BAZY DANYCH II\r'),
(311, '96011788721', 'MERNICTWO ELEKTRYCZNE II\r'),
(312, '95092124468', 'METODY NUMERYCZNE II\r'),
(313, '93042372947', 'AUTOCAD DOBRE PRAKTYKI\r'),
(314, '96051078792', 'AUTOMATYKA III\r'),
(315, '92062548936', 'ALGORYTMY BEZ TAJEMNIC\r'),
(316, '92051861424', 'MATEMATYKA DYSKRETNA I\r'),
(317, '97022784472', 'WSTEP DO CSS3 I HTML5\r'),
(318, '93081892851', 'PROGRAMOWANIE MIKROKONTROLEROW I\r'),
(319, '95021137376', 'VHDL\r'),
(320, '95112894814', 'ANALIZA MATEMATYCZNA II\r'),
(321, '93020984197', 'AUTOMATYKA II\r'),
(322, '96050419725', 'PODSTAWY KRYPTOGRAFII II\r'),
(323, '94050341862', 'ANSI C\r'),
(324, '96080514843', 'TEORIA GRAFOW\r'),
(325, '96011223945', 'LINUX KSIEGA ADMINISTRATORA II\r'),
(326, '93062061135', 'FIZYKA TECHNICZNA II\r'),
(327, '94070444888', 'CHEMIA FIZYCZNA\r'),
(328, '93041329773', 'JEZYKI PROGRAMOWANIA II\r'),
(329, '92052033215', 'MERNICTWO ELEKTRYCZNE I\r'),
(330, '94052327952', 'ANALIZA ZLOZONYCH PROCESOW TECHNOLOGICZNYCH\r');

--
-- Indeksy dla zrzutów tabel
--

--
-- Indeksy dla tabeli `meldunek`
--
ALTER TABLE `meldunek`
  ADD PRIMARY KEY (`pesel`);

--
-- Indeksy dla tabeli `studenci`
--
ALTER TABLE `studenci`
  ADD PRIMARY KEY (`pesel`);

--
-- Indeksy dla tabeli `wypozyczenia`
--
ALTER TABLE `wypozyczenia`
  ADD PRIMARY KEY (`lp`),
  ADD KEY `pesel` (`pesel`);

--
-- Ograniczenia dla zrzutów tabel
--

--
-- Ograniczenia dla tabeli `meldunek`
--
ALTER TABLE `meldunek`
  ADD CONSTRAINT `meldunek_ibfk_1` FOREIGN KEY (`pesel`) REFERENCES `studenci` (`pesel`);

--
-- Ograniczenia dla tabeli `wypozyczenia`
--
ALTER TABLE `wypozyczenia`
  ADD CONSTRAINT `wypozyczenia_ibfk_1` FOREIGN KEY (`pesel`) REFERENCES `studenci` (`pesel`);
COMMIT;

/*!40101 SET CHARACTER_SET_CLIENT=@OLD_CHARACTER_SET_CLIENT */;
/*!40101 SET CHARACTER_SET_RESULTS=@OLD_CHARACTER_SET_RESULTS */;
/*!40101 SET COLLATION_CONNECTION=@OLD_COLLATION_CONNECTION */;
